id,temperatureVal,currentVal,vibrationVal,rpmVal,receivedTime,classifier
1256,32.63,2.85,0.48,2,2016-02-22 13:31:09,noload
1257,32.66,0.25,0.68,10,2016-02-22 13:31:11,noload
1258,32.55,0.25,0.44,13,2016-02-22 13:31:13,noload
1259,32.49,0.25,0.57,13,2016-02-22 13:31:15,noload
1260,32.57,0.25,0.63,13,2016-02-22 13:31:17,noload
1261,32.49,0.25,0.61,13,2016-02-22 13:31:19,noload
1262,32.39,0.25,0.33,13,2016-02-22 13:31:21,noload
1263,32.44,0.25,0.42,13,2016-02-22 13:31:23,noload
1264,32.4,0.25,0.72,13,2016-02-22 13:31:25,noload
1265,32.57,0.25,0.63,13,2016-02-22 13:31:27,noload
1266,32.59,0.25,0.63,13,2016-02-22 13:31:29,noload
1267,32.53,0.25,0.2,13,2016-02-22 13:31:31,noload
1268,32.6,0.25,0.46,13,2016-02-22 13:31:33,noload
1269,32.6,0.25,0.68,13,2016-02-22 13:31:35,noload
1270,32.52,0.25,0.68,13,2016-02-22 13:31:37,noload
1271,32.46,0.25,0.5,13,2016-02-22 13:31:39,noload
1272,32.37,0.25,0.22,13,2016-02-22 13:31:42,noload
1273,32.38,0.25,0.57,13,2016-02-22 13:31:44,noload
1274,32.52,0.25,0.59,13,2016-02-22 13:31:46,noload
1275,32.54,0.25,0.61,13,2016-02-22 13:31:48,noload
1276,32.5,0.25,0.66,13,2016-02-22 13:31:50,noload
1277,32.38,0.25,0.17,13,2016-02-22 13:31:52,noload
1278,32.36,0.25,0.7,13,2016-02-22 13:31:54,noload
1279,32.38,0.25,0.74,13,2016-02-22 13:31:56,noload
1280,32.24,0.25,0.46,13,2016-02-22 13:31:58,noload
1281,32.28,0.25,0.48,13,2016-02-22 13:32:00,noload
1282,32.17,0.25,0.48,13,2016-02-22 13:32:02,noload
1283,32.22,0.25,1.01,13,2016-02-22 13:32:04,noload
1284,32.33,0.25,0.39,13,2016-02-22 13:32:06,noload
1285,32.44,0.25,0.35,13,2016-02-22 13:32:08,noload
1286,32.42,0.25,0.72,13,2016-02-22 13:32:10,noload
1287,32.4,0.25,0.13,13,2016-02-22 13:32:12,noload
1288,32.32,0.25,0.57,13,2016-02-22 13:32:14,noload
1289,32.44,0.25,0.46,13,2016-02-22 13:32:17,noload
1290,32.45,0.25,0.66,13,2016-02-22 13:32:19,noload
1291,32.16,0.25,0.55,136,2016-02-22 13:33:00,noload
1292,32.06,0.25,0.46,136,2016-02-22 13:33:02,noload
1293,32.12,0.25,0.66,135,2016-02-22 13:33:04,noload
1294,31.96,0.25,0.17,136,2016-02-22 13:33:11,noload
1295,32.02,0.25,0.92,136,2016-02-22 13:33:13,noload
1296,32.18,0.25,0.17,134,2016-02-22 13:33:15,noload
1297,32.3,0.25,0.83,135,2016-02-22 13:33:17,noload
1298,32.32,0.25,0.31,135,2016-02-22 13:33:19,noload
1299,32.34,0.25,0.48,136,2016-02-22 13:33:21,noload
1300,32.27,0.25,0.68,136,2016-02-22 13:33:23,noload
1301,32.16,0.25,0.37,136,2016-02-22 13:33:25,noload
1302,32.19,0.25,0.57,135,2016-02-22 13:33:27,noload
1303,32.27,0.25,0.46,135,2016-02-22 13:33:29,noload
1304,32.13,0.25,0.81,135,2016-02-22 13:33:31,noload
1305,32.17,0.25,0.5,135,2016-02-22 13:33:33,noload
1306,32.02,0.25,0.31,135,2016-02-22 13:33:35,noload
1307,32,0.25,0.63,135,2016-02-22 13:33:37,noload
1308,31.95,0.25,0.9,135,2016-02-22 13:33:39,noload
1309,32.06,0.25,0.2,136,2016-02-22 13:33:41,noload
1310,32.02,0.25,0.53,136,2016-02-22 13:33:44,noload
1311,32.06,0.25,0.72,134,2016-02-22 13:33:46,noload
1312,32.14,0.25,0.31,135,2016-02-22 13:33:48,noload
1313,32.15,0.25,0.52,135,2016-02-22 13:33:50,noload
1314,32.18,0.25,0.57,135,2016-02-22 13:33:52,noload
1315,32.17,0.25,0.9,135,2016-02-22 13:33:54,noload
1316,32.15,0.25,0.59,135,2016-02-22 13:33:56,noload
1317,32.08,0.25,0.48,135,2016-02-22 13:33:58,noload
1318,32.12,0.25,0.52,135,2016-02-22 13:34:00,noload
1319,32.17,0.25,0.42,135,2016-02-22 13:34:02,noload
1320,32.12,0.25,0.77,136,2016-02-22 13:34:04,noload
1321,32.13,0.25,0.61,134,2016-02-22 13:34:06,noload
1322,32.13,0.25,0.39,136,2016-02-22 13:34:08,noload
1323,32.16,0.25,0.59,137,2016-02-22 13:34:10,noload
1324,32.11,0.25,0.7,137,2016-02-22 13:34:12,noload
1325,32.1,0.25,0.79,136,2016-02-22 13:34:14,noload
1326,32.11,0.25,0.31,135,2016-02-22 13:34:16,noload
1327,32.08,0.25,0.44,135,2016-02-22 13:34:19,noload
1328,32.03,0.25,0.77,135,2016-02-22 13:34:21,noload
1329,32.05,0.25,0.55,135,2016-02-22 13:34:23,noload
1330,31.98,0.25,0.5,135,2016-02-22 13:34:25,noload
1331,32.06,0.25,0.59,135,2016-02-22 13:34:27,noload
1332,31.9,0.25,0.42,135,2016-02-22 13:34:29,noload
1333,31.9,0.25,0.57,134,2016-02-22 13:34:31,noload
1334,31.89,0.25,0.92,136,2016-02-22 13:34:33,noload
1335,31.84,0.25,0.24,134,2016-02-22 13:34:35,noload
1336,31.78,0.25,0.5,135,2016-02-22 13:34:37,noload
1337,32.02,0.25,0.66,135,2016-02-22 13:34:39,noload
1338,31.88,0.25,0.66,135,2016-02-22 13:34:41,noload
1339,31.88,0.25,0.37,135,2016-02-22 13:34:43,noload
1340,31.87,0.25,0.31,135,2016-02-22 13:34:45,noload
1341,31.86,0.25,0.81,136,2016-02-22 13:34:47,noload
1342,31.89,0.25,0.7,134,2016-02-22 13:34:49,noload
1343,32.03,0.25,0.5,136,2016-02-22 13:34:51,noload
1344,32.04,0.25,0.55,134,2016-02-22 13:34:54,noload
1345,31.88,0.25,0.59,135,2016-02-22 13:34:56,noload
1346,31.9,0.25,0.59,135,2016-02-22 13:34:58,noload
1347,31.84,0.25,0.13,135,2016-02-22 13:35:00,noload
1348,31.98,0.25,0.79,135,2016-02-22 13:35:02,noload
1349,31.99,0.25,0.68,135,2016-02-22 13:35:04,noload
1350,31.99,0.25,0.5,133,2016-02-22 13:35:06,noload
1351,31.82,0.25,0.57,134,2016-02-22 13:35:08,noload
1352,31.86,0.25,0.79,133,2016-02-22 13:35:10,noload
1353,31.91,0.25,0.61,134,2016-02-22 13:35:12,noload
1354,31.81,0.25,0.13,134,2016-02-22 13:35:14,noload
1355,31.8,0.25,0.92,134,2016-02-22 13:35:16,noload
1356,31.83,0.25,0.59,136,2016-02-22 13:35:18,noload
1357,31.72,0.25,0.55,135,2016-02-22 13:35:20,noload
1358,31.75,0.25,0.74,135,2016-02-22 13:35:22,noload
1359,31.83,0.25,0.63,135,2016-02-22 13:35:24,noload
1360,31.77,0.25,0.35,135,2016-02-22 13:35:27,noload
1361,31.69,0.25,0.57,135,2016-02-22 13:35:29,noload
1362,31.76,0.25,0.9,135,2016-02-22 13:35:31,noload
1363,31.76,0.25,0.39,135,2016-02-22 13:35:33,noload
1364,31.75,0.25,0.33,135,2016-02-22 13:35:35,noload
1365,31.73,0.25,0.68,135,2016-02-22 13:35:37,noload
1366,31.8,0.25,0.44,135,2016-02-22 13:35:39,noload
1367,31.59,0.25,0.44,135,2016-02-22 13:35:41,noload
1368,31.7,0.25,0.52,135,2016-02-22 13:35:43,noload
1369,31.72,0.25,0.85,135,2016-02-22 13:35:45,noload
1370,31.68,0.25,0.09,135,2016-02-22 13:35:47,noload
1371,31.74,0.25,0.98,135,2016-02-22 13:35:49,noload
1372,31.84,0.25,0.37,135,2016-02-22 13:35:51,noload
1373,31.89,0.25,0.52,135,2016-02-22 13:35:53,noload
1374,31.88,0.25,0.57,135,2016-02-22 13:35:55,noload
1375,31.82,0.25,0.48,135,2016-02-22 13:35:57,noload
1376,31.82,0.25,0.66,136,2016-02-22 13:35:59,noload
1377,31.83,0.25,0.33,136,2016-02-22 13:36:02,noload
1378,31.81,0.25,0.7,135,2016-02-22 13:36:04,noload
1379,31.84,0.25,0.72,135,2016-02-22 13:36:06,noload
1380,31.79,0.25,0.22,135,2016-02-22 13:36:08,noload
1381,31.81,0.25,0.72,135,2016-02-22 13:36:10,noload
1382,31.86,0.25,0.26,135,2016-02-22 13:36:12,noload
1383,31.85,0.25,0.55,136,2016-02-22 13:36:14,noload
1384,31.86,0.25,0.35,136,2016-02-22 13:36:16,noload
1385,31.85,0.25,0.52,136,2016-02-22 13:36:18,noload
1386,31.85,0.25,0.55,135,2016-02-22 13:36:20,noload
1387,31.56,0.25,0.26,135,2016-02-22 13:36:22,noload
1388,31.59,0.25,1.12,135,2016-02-22 13:36:24,noload
1389,31.58,0.25,0.2,135,2016-02-22 13:36:26,noload
1390,31.33,0.25,0.79,135,2016-02-22 13:36:28,noload
1391,31.53,0.25,0.46,135,2016-02-22 13:36:30,noload
1392,31.49,0.25,0.31,135,2016-02-22 13:36:32,noload
1393,31.58,0.25,0.77,136,2016-02-22 13:36:34,noload
1394,31.59,0.25,0.46,136,2016-02-22 13:36:37,noload
1395,31.69,0.25,0.81,135,2016-02-22 13:36:39,noload
1396,31.73,0.25,0.33,135,2016-02-22 13:36:41,noload
1397,31.63,0.25,0.61,135,2016-02-22 13:36:43,noload
1398,31.68,0.25,0.72,135,2016-02-22 13:36:45,noload
1399,31.57,0.25,0.81,135,2016-02-22 13:36:47,noload
1400,31.6,0.25,0.24,136,2016-02-22 13:36:49,noload
1401,31.43,0.25,0.81,134,2016-02-22 13:36:51,noload
1402,31.54,0.25,0.13,136,2016-02-22 13:36:53,noload
1403,31.68,0.25,0.68,134,2016-02-22 13:36:55,noload
1404,31.76,0.25,0.63,135,2016-02-22 13:36:57,noload
1405,31.73,0.25,0.42,135,2016-02-22 13:36:59,noload
1406,31.67,0.25,0.44,135,2016-02-22 13:37:01,noload
1407,31.63,0.25,0.26,135,2016-02-22 13:37:03,noload
1408,31.61,0.38,0.85,135,2016-02-22 13:37:05,noload
1409,31.3,0.79,2.73,343,2016-02-22 13:37:07,noload
1410,31.28,0.51,2.6,965,2016-02-22 13:37:09,noload
1411,31.41,0.49,2.1,1567,2016-02-22 13:37:12,noload
1412,31.38,0.49,0.26,1706,2016-02-22 13:37:14,noload
1413,31.26,0.48,1.05,1739,2016-02-22 13:37:16,noload
1414,31.52,0.48,4.35,1717,2016-02-22 13:37:18,noload
1415,31.6,0.48,6.78,1679,2016-02-22 13:37:20,noload
1416,31.71,0.48,4.75,1682,2016-02-22 13:37:22,noload
1417,31.82,0.48,1.14,1702,2016-02-22 13:37:24,noload
1418,31.8,0.48,1.62,1730,2016-02-22 13:37:26,noload
1419,31.74,0.48,1.88,1718,2016-02-22 13:37:28,noload
1420,31.52,0.48,5.82,1690,2016-02-22 13:37:30,noload
1421,31.75,0.48,5.4,1657,2016-02-22 13:37:32,noload
1422,31.68,0.48,6.47,1643,2016-02-22 13:37:34,noload
1423,31.74,0.48,4.4,1691,2016-02-22 13:37:36,noload
1424,31.87,0.48,3.57,1661,2016-02-22 13:37:38,noload
1425,31.96,0.48,1.86,1637,2016-02-22 13:37:40,noload
1426,31.97,0.48,1.53,1604,2016-02-22 13:37:42,noload
1427,31.94,0.48,1.49,1568,2016-02-22 13:37:44,noload
1428,31.9,0.48,1.44,1562,2016-02-22 13:37:46,noload
1429,32.05,0.23,1.84,1555,2016-02-22 13:37:49,noload
1430,32.06,0.12,0.52,1040,2016-02-22 13:37:51,noload
1431,31.93,0.24,0.33,499,2016-02-22 13:37:53,noload
1432,32.1,0.16,0.59,184,2016-02-22 13:37:55,noload
1433,32.14,0.11,0.63,68,2016-02-22 13:37:57,noload
1434,32.05,0.1,0.59,19,2016-02-22 13:37:59,noload
1435,31.97,0.1,0.33,7,2016-02-22 13:38:01,noload
1436,32.03,0.09,0.52,7,2016-02-22 13:38:03,noload
1437,32.04,0.09,0.66,7,2016-02-22 13:38:05,noload
1438,32.09,0.09,0.79,7,2016-02-22 13:38:07,noload
1439,32.1,0.09,0.44,7,2016-02-22 13:38:09,noload
1440,32.06,0.09,0.37,7,2016-02-22 13:38:11,noload
1441,32.06,0.1,0.46,7,2016-02-22 13:38:13,noload
1442,32.1,0.1,0.52,7,2016-02-22 13:38:15,noload
1443,32.12,0.09,0.57,7,2016-02-22 13:38:17,noload
1444,32.08,0.09,0.72,5,2016-02-22 13:38:19,noload
1445,32.02,0.09,0.31,5,2016-02-22 13:38:21,noload
1446,32.01,0.09,0.57,7,2016-02-22 13:38:23,noload
1447,32.06,0.09,0.48,7,2016-02-22 13:38:25,noload
1448,32.04,0.09,0.39,5,2016-02-22 13:38:27,noload
1449,32.03,0.09,0.37,5,2016-02-22 13:38:30,noload
1450,31.98,0.09,0.35,7,2016-02-22 13:38:32,noload
1451,31.88,0.09,0.39,7,2016-02-22 13:38:34,noload
1452,31.92,0.09,0.57,5,2016-02-22 13:38:36,noload
1453,32.02,0.1,0.2,5,2016-02-22 13:38:38,noload
1454,31.95,0.09,0.26,7,2016-02-22 13:38:40,noload
1455,31.8,0.09,0.37,5,2016-02-22 13:38:42,noload
1456,31.79,0.09,0.59,5,2016-02-22 13:38:44,noload
1457,31.86,0.1,0.68,5,2016-02-22 13:39:04,noload
1458,31.86,0.09,0.28,5,2016-02-22 13:39:07,noload
1459,31.82,0.09,0.48,7,2016-02-22 13:39:09,noload
1460,31.84,0.09,0.42,5,2016-02-22 13:39:11,noload
1461,31.88,0.09,0.22,5,2016-02-22 13:39:13,noload
1462,31.86,0.09,0.59,7,2016-02-22 13:39:15,noload
1463,31.53,0.09,0.79,7,2016-02-22 13:39:35,noload
1464,31.58,0.09,0.5,5,2016-02-22 13:39:37,noload
1465,31.68,0.09,0.66,7,2016-02-22 13:39:39,noload
1466,31.73,0.09,0.57,5,2016-02-22 13:39:42,noload
1467,31.74,0.09,0.39,5,2016-02-22 13:39:44,noload
1468,31.73,0.09,0.46,7,2016-02-22 13:39:46,noload
1469,31.75,0.1,0.79,5,2016-02-22 13:39:48,noload
1470,31.73,0.09,0.28,5,2016-02-22 13:39:50,noload
1471,31.72,0.09,0.44,5,2016-02-22 13:39:52,noload
1472,31.71,0.09,0.63,5,2016-02-22 13:39:54,noload
1473,31.69,0.09,0.42,5,2016-02-22 13:39:56,noload
1474,31.63,0.1,0.46,5,2016-02-22 13:39:58,noload
1475,31.6,0.09,0.35,5,2016-02-22 13:40:00,noload
1476,31.67,0.09,0.35,5,2016-02-22 13:40:02,noload
1477,31.64,0.09,0.74,7,2016-02-22 13:40:04,noload
1478,31.61,0.09,0.37,5,2016-02-22 13:40:06,noload
1479,31.62,0.09,0.74,5,2016-02-22 13:40:08,noload
1480,31.6,0.1,0.44,5,2016-02-22 13:40:10,noload
1481,31.55,0.09,0.46,5,2016-02-22 13:40:12,noload
1482,31.62,0.09,0.57,5,2016-02-22 13:40:14,noload
1483,31.57,0.09,0.39,5,2016-02-22 13:40:16,noload
1484,31.47,0.09,0.52,5,2016-02-22 13:40:18,noload
1485,31.33,0.09,0.44,5,2016-02-22 13:40:20,noload
1486,31.4,0.09,0.37,5,2016-02-22 13:40:22,noload
1487,31.45,0.09,0.7,5,2016-02-22 13:40:24,noload
1488,31.47,0.09,0.68,5,2016-02-22 13:40:27,noload
1489,31.52,0.1,0.72,5,2016-02-22 13:40:29,noload
1490,31.54,0.09,0.46,5,2016-02-22 13:40:31,noload
1491,31.55,0.09,0.44,7,2016-02-22 13:40:33,noload
1492,31.48,0.09,0.72,5,2016-02-22 13:40:35,noload
1493,31.49,0.09,0.59,5,2016-02-22 13:40:37,noload
1494,31.55,0.09,0.72,5,2016-02-22 13:40:39,noload
1495,31.52,0.09,0.5,5,2016-02-22 13:40:41,noload
1496,31.51,0.1,0.37,5,2016-02-22 13:40:43,noload
1497,31.54,0.09,0.77,5,2016-02-22 13:40:45,noload
1498,31.51,0.09,0.59,5,2016-02-22 13:40:47,noload
1499,31.54,0.1,0.88,5,2016-02-22 13:40:49,noload
1500,31.49,0.09,0.46,5,2016-02-22 13:40:51,noload
1501,31.36,0.1,0.44,5,2016-02-22 13:40:53,noload
1502,31.42,0.09,0.63,5,2016-02-22 13:40:55,noload
1503,31.48,0.09,0.5,5,2016-02-22 13:40:57,noload
1504,31.51,0.09,0.39,5,2016-02-22 13:40:59,noload
1505,31.52,0.09,0.5,5,2016-02-22 13:41:01,noload
1506,31.55,0.09,0.15,5,2016-02-22 13:41:03,noload
1507,31.54,0.09,0.44,5,2016-02-22 13:41:05,noload
1508,31.45,0.09,0.39,4,2016-02-22 13:41:07,noload
1509,31.45,0.09,0.61,1,2016-02-22 13:41:09,noload
1510,31.43,0.09,0.35,1,2016-02-22 13:41:11,noload
1511,31.43,0.08,0.46,2,2016-02-22 13:41:14,noload
1512,31.52,0.09,0.48,2,2016-02-22 13:41:16,noload
1513,31.54,0.09,0.46,2,2016-02-22 13:41:18,noload
1514,31.5,0.09,0.48,2,2016-02-22 13:41:20,noload
1515,31.58,0.09,0.22,2,2016-02-22 13:41:22,noload
1516,31.55,0.07,0.52,2,2016-02-22 13:41:24,noload
1517,31.53,0.07,0.07,1,2016-02-22 13:41:26,noload
1518,31.4,0.07,0.02,0,2016-02-22 13:41:28,noload
1519,31.49,0.07,0.42,0,2016-02-22 13:41:30,noload
1520,31.54,0.07,0.37,1,2016-02-22 13:41:32,noload
1521,31.43,0.08,0.2,1,2016-02-22 13:41:34,noload
1522,31.34,0.08,0.24,1,2016-02-22 13:41:36,noload
1523,31.48,0.07,0.15,1,2016-02-22 13:41:38,noload
1524,31.48,0.07,0.61,1,2016-02-22 13:41:40,noload
1525,31.42,0.08,0.26,0,2016-02-22 13:41:42,noload
1526,31.26,0.09,0.7,0,2016-02-22 13:41:44,noload
1527,31.31,0.09,0.31,1,2016-02-22 13:41:46,noload
1528,31.34,0.08,0.68,2,2016-02-22 13:41:48,noload
1529,31.19,0.09,0.5,2,2016-02-22 13:41:50,noload
1530,31.1,0.09,0.44,2,2016-02-22 13:41:52,noload
1531,31.15,0.08,0.66,2,2016-02-22 13:41:54,noload
1532,31.27,0.09,0.42,4,2016-02-22 13:41:56,noload
1533,31.22,0.09,0.66,2,2016-02-22 13:41:58,noload
1534,31.24,0.09,0.61,2,2016-02-22 13:42:00,noload
1535,31.3,0.09,0.39,2,2016-02-22 13:42:03,noload
1536,31.28,0.12,0.39,1,2016-02-22 13:42:05,noload
1537,31.34,0.12,0.68,1,2016-02-22 13:42:07,noload
1538,31.41,0.11,0.61,1,2016-02-22 13:42:09,noload
1539,31.37,0.09,0.52,2,2016-02-22 13:42:11,noload
1540,31.28,0.09,0.48,2,2016-02-22 13:42:13,noload
1541,31.13,0.09,0.7,5,2016-02-22 13:42:15,noload
1542,30.96,0.09,0.48,4,2016-02-22 13:42:17,noload
1543,31.21,0.09,0.63,2,2016-02-22 13:42:19,noload
1544,31.18,0.09,0.55,2,2016-02-22 13:42:21,noload
1545,31.13,0.09,0.39,2,2016-02-22 13:42:23,noload
1546,31.02,0.09,0.63,2,2016-02-22 13:42:25,noload
1547,30.98,0.08,0.5,1,2016-02-22 13:42:27,noload
1548,31.09,0.09,0.61,2,2016-02-22 13:42:29,noload
1549,31.11,0.09,0.42,2,2016-02-22 13:42:31,noload
1550,31.18,0.09,0.39,2,2016-02-22 13:42:33,noload
1551,31.16,0.09,0.7,2,2016-02-22 13:42:35,noload
1552,31.15,0.09,0.46,2,2016-02-22 13:42:37,noload
1553,31.16,0.09,0.44,4,2016-02-22 13:42:39,noload
1554,31.2,0.09,0.33,4,2016-02-22 13:42:41,noload
1555,31.1,0.09,0.55,2,2016-02-22 13:42:43,noload
1556,31,0.09,0.5,2,2016-02-22 13:42:45,noload
1557,31.03,0.09,0.5,2,2016-02-22 13:42:48,noload
1558,30.98,0.09,0.48,2,2016-02-22 13:42:50,noload
1559,30.92,0.09,0.59,2,2016-02-22 13:42:52,noload
1560,30.91,0.09,0.35,2,2016-02-22 13:42:54,noload
1561,30.93,0.09,0.42,2,2016-02-22 13:42:56,noload
1562,30.98,0.09,0.66,4,2016-02-22 13:42:58,noload
1563,30.98,0.09,0.61,4,2016-02-22 13:43:00,noload
1564,31.05,0.09,0.66,2,2016-02-22 13:43:02,noload
1565,31.01,0.09,0.55,4,2016-02-22 13:43:04,noload
1566,30.97,0.09,0.57,4,2016-02-22 13:43:06,noload
1567,27.95,0,0.81,0,2016-02-22 14:01:54,noload
1568,27.9,0,0.2,0,2016-02-22 14:01:56,noload
1569,27.94,0.01,0.44,0,2016-02-22 14:01:58,noload
1570,27.93,0,0.44,0,2016-02-22 14:02:00,noload
1571,27.91,0,0.85,0,2016-02-22 14:02:02,noload
1572,27.9,0,1.01,0,2016-02-22 14:02:04,noload
1573,27.86,0,0.96,0,2016-02-22 14:02:25,noload
1574,27.85,0,0.59,0,2016-02-22 14:02:27,noload
1575,27.82,0,0.28,0,2016-02-22 14:02:29,noload
1576,27.87,0.01,0.61,0,2016-02-22 14:02:31,noload
1577,27.86,0.03,0.94,0,2016-02-22 14:02:33,noload
1578,27.84,0.28,0.68,22,2016-02-22 14:02:35,noload
1579,27.91,0.49,1.44,157,2016-02-22 14:02:37,noload
1580,27.93,0.51,2.21,436,2016-02-22 14:02:39,noload
1581,27.92,0.52,0.9,718,2016-02-22 14:02:41,noload
1582,27.84,0.55,0.81,962,2016-02-22 14:02:43,noload
1583,27.77,0.5,4.86,1208,2016-02-22 14:02:45,noload
1584,27.86,0.49,1.47,1382,2016-02-22 14:02:47,noload
1585,27.87,0.49,2.71,1432,2016-02-22 14:02:49,noload
1586,27.85,0.49,0.9,1420,2016-02-22 14:02:51,noload
1587,27.81,0.49,6.8,1411,2016-02-22 14:02:53,noload
1588,27.85,0.49,1.58,1430,2016-02-22 14:02:55,noload
1589,27.94,0.49,3.48,1441,2016-02-22 14:02:57,noload
1590,27.91,0.49,1.03,1419,2016-02-22 14:02:59,noload
1591,27.92,0.49,3.61,1431,2016-02-22 14:03:02,noload
1592,27.91,0.49,0.98,1442,2016-02-22 14:03:04,noload
1593,27.87,0.49,3.22,1408,2016-02-22 14:03:06,noload
1594,27.92,0.49,2.12,1340,2016-02-22 14:03:08,noload
1595,27.99,0.49,2.65,1328,2016-02-22 14:03:10,noload
1596,27.98,0.49,1.53,1354,2016-02-22 14:03:12,noload
1597,27.9,0.49,1.64,1355,2016-02-22 14:03:14,noload
1598,28.02,0.49,4.33,1364,2016-02-22 14:03:16,noload
1599,28.11,0.49,0.35,1375,2016-02-22 14:03:18,noload
1600,28.06,0.49,4,1369,2016-02-22 14:03:20,noload
1601,28.08,0.49,0.55,1355,2016-02-22 14:03:22,noload
1602,28.07,0.52,1.95,1349,2016-02-22 14:03:24,noload
1603,28.13,0.64,1.53,1336,2016-02-22 14:03:26,noload
1604,28.18,0.64,2.56,1301,2016-02-22 14:03:28,noload
1605,28.15,0.64,1.49,1285,2016-02-22 14:03:30,noload
1606,28.08,0.63,2.65,1291,2016-02-22 14:03:32,noload
1607,28.1,0.64,1.77,1273,2016-02-22 14:03:34,noload
1608,28.22,0.64,3.72,1264,2016-02-22 14:03:36,noload
1609,28.26,0.64,3.26,1246,2016-02-22 14:03:39,noload
1610,28.24,0.64,2.38,1246,2016-02-22 14:03:41,noload
1611,28.31,0.63,2.76,1231,2016-02-22 14:03:43,noload
1612,28.36,0.64,1.66,1219,2016-02-22 14:03:45,noload
1613,28.39,0.6,2.76,1225,2016-02-22 14:03:47,noload
1614,28.45,0.5,1.97,1243,2016-02-22 14:03:49,noload
1615,28.34,0.48,0.66,1267,2016-02-22 14:03:51,noload
1616,28.32,0.48,0.44,1270,2016-02-22 14:03:53,noload
1617,28.37,0.48,5.05,1255,2016-02-22 14:03:55,noload
1618,28.44,0.48,3.15,1222,2016-02-22 14:03:57,noload
1619,28.42,0.48,3.76,1210,2016-02-22 14:03:59,noload
1620,28.41,0.58,1.86,1231,2016-02-22 14:04:01,noload
1621,28.5,0.5,1.97,1409,2016-02-22 14:04:03,noload
1622,28.52,0.5,1.88,1616,2016-02-22 14:04:05,noload
1623,28.56,0.55,1.82,1720,2016-02-22 14:04:07,noload
1624,28.57,0.69,1.58,1804,2016-02-22 14:04:09,noload
1625,28.56,0.73,5.84,1921,2016-02-22 14:04:11,noload
1626,28.63,0.72,4.18,1928,2016-02-22 14:04:13,noload
1627,28.61,0.68,5.36,1826,2016-02-22 14:04:15,noload
1628,28.59,0.65,2.56,1718,2016-02-22 14:04:18,noload
1629,28.59,0.58,2.32,1625,2016-02-22 14:04:20,noload
1630,28.64,0.59,3.98,1631,2016-02-22 14:04:22,noload
1631,28.69,0.52,0.92,1592,2016-02-22 14:04:24,noload
1632,28.83,0.49,1.25,1595,2016-02-22 14:04:26,noload
1633,28.83,0.48,5.47,1580,2016-02-22 14:04:28,noload
1634,28.78,0.48,2.95,1597,2016-02-22 14:04:30,noload
1635,28.82,0.07,0.37,1451,2016-02-22 14:04:32,noload
1636,28.71,0,0.28,949,2016-02-22 14:04:34,noload
1637,28.89,0,0.09,329,2016-02-22 14:04:36,noload
1638,28.92,0,0.39,31,2016-02-22 14:04:38,noload
1639,28.93,0,0.22,0,2016-02-22 14:04:40,norpm
1640,28.94,0,0.39,0,2016-02-22 14:04:42,norpm
1641,28.88,0,0.22,0,2016-02-22 14:04:44,norpm
1642,28.79,0,0.37,0,2016-02-22 14:04:46,norpm
1643,28.91,0,0.24,0,2016-02-22 14:04:48,norpm
1644,28.97,0,0.35,0,2016-02-22 14:04:50,norpm
1645,28.98,0,0.13,0,2016-02-22 14:04:52,norpm
1646,28.9,0,0.37,0,2016-02-22 14:04:54,norpm
1647,28.83,0,0.22,0,2016-02-22 14:04:56,norpm
1648,28.96,0,0.31,0,2016-02-22 14:04:58,norpm
1649,28.92,0,0.22,0,2016-02-22 14:05:00,norpm
1650,28.8,0,0.22,0,2016-02-22 14:05:02,norpm
1651,28.85,0,0.33,0,2016-02-22 14:05:04,norpm
1652,28.85,0,0.24,0,2016-02-22 14:05:06,norpm
1653,28.79,0,0.33,0,2016-02-22 14:05:08,norpm
1654,28.82,0,0.11,0,2016-02-22 14:05:10,norpm
1655,28.79,0,0.44,0,2016-02-22 14:05:13,norpm
1656,28.86,0,0.22,0,2016-02-22 14:05:15,norpm
1657,28.89,0,0.35,0,2016-02-22 14:05:17,norpm
1658,28.87,0,0.13,0,2016-02-22 14:05:19,norpm
1659,28.85,0,0.39,0,2016-02-22 14:05:21,norpm
1660,28.85,0,0.2,0,2016-02-22 14:05:23,norpm
1661,28.9,0,0.35,0,2016-02-22 14:05:25,norpm
1662,28.85,0,0.15,0,2016-02-22 14:05:27,norpm
1663,28.78,0,0.31,0,2016-02-22 14:05:29,norpm
1664,28.76,0,0.31,0,2016-02-22 14:05:31,norpm
1665,28.78,0,0.31,0,2016-02-22 14:05:33,norpm
1666,28.67,0,0.26,0,2016-02-22 14:05:35,norpm
1667,28.7,0,0.26,0,2016-02-22 14:05:37,norpm
1668,28.71,0,0.15,0,2016-02-22 14:05:39,norpm
1669,28.69,0,0.33,0,2016-02-22 14:05:41,norpm
1670,28.72,0,0.2,0,2016-02-22 14:05:43,norpm
1671,28.8,0,0.35,0,2016-02-22 14:05:45,norpm
1672,28.81,0,0.13,5,2016-02-22 14:05:47,norpm
1673,28.69,0,0.39,7,2016-02-22 14:05:49,norpm
1674,28.63,0,0.22,5,2016-02-22 14:05:51,norpm
1675,28.68,0,0.35,0,2016-02-22 14:05:53,norpm
1676,28.74,0,0.15,0,2016-02-22 14:05:55,norpm
1677,28.71,0,0.26,0,2016-02-22 14:05:57,norpm
1678,28.68,0,0.28,0,2016-02-22 14:05:59,norpm
1679,28.67,0,0.11,0,2016-02-22 14:06:01,norpm
1680,28.67,0,0.13,0,2016-02-22 14:06:03,norpm
1681,28.73,0,0.31,0,2016-02-22 14:06:05,norpm
1682,28.77,0,0.22,0,2016-02-22 14:06:07,norpm
1683,28.77,0,0.28,0,2016-02-22 14:06:09,norpm
1684,28.75,0,0.15,0,2016-02-22 14:06:11,norpm
1685,28.67,0,0.28,0,2016-02-22 14:06:13,norpm
1686,28.7,0,0.15,0,2016-02-22 14:06:16,norpm
1687,28.69,0,0.2,0,2016-02-22 14:06:18,norpm
1688,28.7,0,0.2,0,2016-02-22 14:06:20,norpm
1689,28.77,0,0.22,0,2016-02-22 14:06:22,norpm
1690,28.73,0,0.28,0,2016-02-22 14:06:24,norpm
1691,28.66,0,0.33,0,2016-02-22 14:06:26,norpm
1692,28.65,0,0.17,0,2016-02-22 14:06:28,norpm
1693,28.69,0,0.26,0,2016-02-22 14:06:30,norpm
1694,28.73,0,0.28,0,2016-02-22 14:06:32,norpm
1695,28.69,0,0.31,0,2016-02-22 14:06:34,norpm
1696,28.7,0,0.24,0,2016-02-22 14:06:36,norpm
1697,28.69,0,0.2,0,2016-02-22 14:06:38,norpm
1698,28.68,0,0.35,0,2016-02-22 14:06:40,norpm
1699,28.67,0,0.22,0,2016-02-22 14:06:42,norpm
1700,28.75,0,0.31,0,2016-02-22 14:06:44,norpm
1701,28.76,0,0.13,0,2016-02-22 14:06:46,norpm
1702,28.69,0,0.39,0,2016-02-22 14:06:48,norpm
1703,28.73,0,0.2,0,2016-02-22 14:06:50,norpm
1704,28.73,0,0.42,0,2016-02-22 14:06:52,norpm
1705,28.73,0,0.15,0,2016-02-22 14:06:54,norpm
1706,28.69,0,0.33,0,2016-02-22 14:06:56,norpm
1707,28.69,0,0.24,0,2016-02-22 14:06:58,norpm
1708,28.65,0,0.35,0,2016-02-22 14:07:00,norpm
1709,28.62,0,0.2,0,2016-02-22 14:07:02,norpm
1710,28.65,0,0.28,0,2016-02-22 14:07:04,norpm
1711,28.66,0,0.24,0,2016-02-22 14:07:06,norpm
1712,28.66,0,0.35,0,2016-02-22 14:07:08,norpm
1713,28.68,0,0.17,0,2016-02-22 14:07:10,norpm
1714,28.63,0,0.24,0,2016-02-22 14:07:12,norpm
1715,28.64,0,0.31,0,2016-02-22 14:07:14,norpm
1716,28.64,0,0.24,0,2016-02-22 14:07:17,norpm
1717,28.61,0,0.31,0,2016-02-22 14:07:19,norpm
1718,28.51,0,0.13,0,2016-02-22 14:07:21,norpm
1719,28.55,0,0.37,0,2016-02-22 14:07:23,norpm
1720,28.5,0,0.2,0,2016-02-22 14:07:25,norpm
1721,28.53,0,0.39,0,2016-02-22 14:07:27,norpm
1722,28.58,0,0.15,0,2016-02-22 14:07:29,norpm
1723,28.53,0,0.35,0,2016-02-22 14:07:31,norpm
1724,28.63,0,0.22,0,2016-02-22 14:07:33,norpm
1725,28.66,0,0.31,0,2016-02-22 14:07:35,norpm
1726,28.67,0,0.24,0,2016-02-22 14:07:37,norpm
1727,28.61,0,0.13,0,2016-02-22 14:07:39,norpm
1728,28.58,0,0.24,0,2016-02-22 14:07:41,norpm
1729,28.63,0,0.33,0,2016-02-22 14:07:43,norpm
1730,28.67,0,0.28,0,2016-02-22 14:07:45,norpm
1731,28.73,0,0.13,0,2016-02-22 14:07:47,norpm
1732,28.56,0,0.39,0,2016-02-22 14:07:49,norpm
1733,28.59,0,0.17,0,2016-02-22 14:07:51,norpm
1734,28.67,0,0.35,0,2016-02-22 14:07:53,norpm
1735,28.7,0,0.22,0,2016-02-22 14:07:55,norpm
1736,28.67,0,0.17,0,2016-02-22 14:07:57,norpm
1737,28.59,0,0.37,0,2016-02-22 14:07:59,norpm
1738,28.57,0,0.15,0,2016-02-22 14:08:01,norpm
1739,28.63,0,0.39,0,2016-02-22 14:08:03,norpm
1740,28.63,0,0.24,0,2016-02-22 14:08:05,norpm
1741,28.6,0,0.2,0,2016-02-22 14:08:07,norpm
1742,28.57,0,0.37,0,2016-02-22 14:08:09,norpm
1743,28.53,0,0.15,0,2016-02-22 14:08:11,norpm
1744,28.52,0,0.37,0,2016-02-22 14:08:13,norpm
1745,28.47,0,0.24,0,2016-02-22 14:08:15,norpm
1746,28.38,0,0.11,0,2016-02-22 14:08:17,norpm
1747,28.41,0,0.44,0,2016-02-22 14:08:19,norpm
1748,28.56,0,0.2,0,2016-02-22 14:08:22,norpm
1749,28.6,0,0.28,0,2016-02-22 14:08:24,norpm
1750,28.61,0,0.37,0,2016-02-22 14:08:26,norpm
1751,28.59,0,0.09,0,2016-02-22 14:08:28,norpm
1752,28.56,0,0.33,0,2016-02-22 14:08:30,norpm
1753,28.54,0,0.22,0,2016-02-22 14:08:32,norpm
1754,28.56,0,0.24,0,2016-02-22 14:08:34,norpm
1755,28.52,0,0.37,0,2016-02-22 14:08:36,norpm
1756,28.48,0,0.09,0,2016-02-22 14:08:38,norpm
1757,28.44,0,0.35,0,2016-02-22 14:08:40,norpm
1758,28.4,0,0.26,0,2016-02-22 14:08:42,norpm
1759,28.41,0,0.22,0,2016-02-22 14:08:44,norpm
1760,28.43,0,0.37,0,2016-02-22 14:08:46,norpm
1761,28.42,0,0.11,0,2016-02-22 14:08:48,norpm
1762,28.43,0,0.37,0,2016-02-22 14:08:50,norpm
1763,28.42,0,0.26,0,2016-02-22 14:08:52,norpm
1764,28.48,0,0.31,0,2016-02-22 14:08:54,norpm
1765,28.45,0,0.33,0,2016-02-22 14:08:56,norpm
1766,28.45,0,0.11,0,2016-02-22 14:08:58,norpm
1767,28.46,0,0.42,0,2016-02-22 14:09:00,norpm
1768,28.41,0,0.35,0,2016-02-22 14:09:02,norpm
1769,28.42,0,0.04,0,2016-02-22 14:09:04,norpm
1770,28.46,0,0.04,0,2016-02-22 14:09:06,norpm
1771,28.44,0,0.22,0,2016-02-22 14:09:08,norpm
1772,28.41,0,0.37,0,2016-02-22 14:09:10,norpm
1773,28.42,0,0.24,0,2016-02-22 14:09:12,norpm
1774,28.51,0,0.37,0,2016-02-22 14:09:14,norpm
1775,28.41,0,0.13,0,2016-02-22 14:09:16,norpm
1776,28.37,0,0.26,0,2016-02-22 14:09:18,norpm
1777,28.42,0,0.35,0,2016-02-22 14:09:21,norpm
1778,28.41,0,0.26,0,2016-02-22 14:09:23,norpm
1779,28.44,0,0.39,0,2016-02-22 14:09:25,norpm
1780,28.39,0,0.13,0,2016-02-22 14:09:27,norpm
1781,28.36,0,0.33,0,2016-02-22 14:09:29,norpm
1782,28.28,0,0.26,0,2016-02-22 14:09:31,norpm
1783,28.33,0,0.24,0,2016-02-22 14:09:33,norpm
1784,28.42,0,0.42,0,2016-02-22 14:09:35,norpm
1785,28.43,0,0.15,0,2016-02-22 14:09:37,norpm
1786,28.37,0,0.26,0,2016-02-22 14:09:39,norpm
1787,28.36,0,0.28,0,2016-02-22 14:09:41,norpm
1788,28.41,0,0.2,0,2016-02-22 14:09:43,norpm
1789,28.43,0,0.39,0,2016-02-22 14:09:45,norpm
1790,28.41,0,0.15,0,2016-02-22 14:09:47,norpm
1791,28.4,0,0.28,0,2016-02-22 14:09:49,norpm
1792,28.35,0,0.35,0,2016-02-22 14:09:51,norpm
1793,28.26,0,0.2,0,2016-02-22 14:09:53,norpm
1794,28.32,0,0.37,0,2016-02-22 14:09:55,norpm
1795,28.3,0,0.17,0,2016-02-22 14:09:57,norpm
1796,28.3,0,0.17,0,2016-02-22 14:09:59,norpm
1797,28.33,0,0.37,0,2016-02-22 14:10:01,norpm
1798,28.37,0,0.2,0,2016-02-22 14:10:03,norpm
1799,28.35,0,0.37,0,2016-02-22 14:10:05,norpm
1800,28.31,0,0.24,0,2016-02-22 14:10:07,norpm
1801,28.32,0,0.15,0,2016-02-22 14:10:09,norpm
1802,28.34,0,0.42,0,2016-02-22 14:10:11,norpm
1803,28.32,0,0.22,0,2016-02-22 14:10:13,norpm
1804,28.3,0,0.31,0,2016-02-22 14:10:15,norpm
1805,28.31,0,0.28,0,2016-02-22 14:10:17,norpm
1806,28.27,0,0.13,0,2016-02-22 14:10:19,norpm
1807,28.16,0,0.39,0,2016-02-22 14:10:21,norpm
1808,28.17,0,0.22,0,2016-02-22 14:10:23,norpm
1809,28.02,0,0.31,0,2016-02-22 14:10:25,norpm
1810,28.11,0,0.33,0,2016-02-22 14:10:27,norpm
1811,28.17,0,0.13,0,2016-02-22 14:10:30,norpm
1812,28.26,0,0.39,0,2016-02-22 14:10:32,norpm
1813,28.22,0,0.17,0,2016-02-22 14:10:34,norpm
1814,28.19,0,0.35,0,2016-02-22 14:10:36,norpm
1815,28.23,0,0.22,0,2016-02-22 14:10:38,norpm
1816,28.2,0,0.15,0,2016-02-22 14:10:40,norpm
1817,28.25,0,0.37,0,2016-02-22 14:10:42,norpm
1818,28.24,0,0.2,0,2016-02-22 14:10:44,norpm
1819,28.15,0,0.42,0,2016-02-22 14:10:46,norpm
1820,28.22,0,0.15,0,2016-02-22 14:10:48,norpm
1821,28.22,0,0.24,0,2016-02-22 14:10:50,norpm
1822,28.14,0,0.39,0,2016-02-22 14:10:52,norpm
1823,27.91,0,0.2,0,2016-02-22 14:10:54,norpm
1824,27.98,0,0.42,0,2016-02-22 14:10:56,norpm
1825,28.02,0,0.22,0,2016-02-22 14:10:58,norpm
1826,27.96,0,0.13,0,2016-02-22 14:11:00,norpm
1827,28.11,0,0.37,0,2016-02-22 14:11:02,norpm
1828,28.1,0,0.22,0,2016-02-22 14:11:04,norpm
1829,28.11,0,0.28,0,2016-02-22 14:11:06,norpm
1830,28.17,0,0.35,0,2016-02-22 14:11:08,norpm
1831,28.08,0,0.11,0,2016-02-22 14:11:10,norpm
1832,27.9,0,0.26,0,2016-02-22 14:11:12,norpm
1833,27.9,0,0.39,0,2016-02-22 14:11:14,norpm
1834,28.01,0,0.2,0,2016-02-22 14:11:16,norpm
1835,28.08,0,0.31,0,2016-02-22 14:11:18,norpm
1836,28.05,0,0.24,0,2016-02-22 14:11:20,norpm
1837,28.01,0,0.22,0,2016-02-22 14:11:22,norpm
1838,28.08,0,0.26,0,2016-02-22 14:11:24,norpm
1839,28.05,0,0.37,0,2016-02-22 14:11:26,norpm
1840,27.98,0,0.09,0,2016-02-22 14:11:28,norpm
1841,28.09,0,0.35,0,2016-02-22 14:11:30,norpm
1842,28.06,0,0.24,0,2016-02-22 14:11:32,norpm
1843,28.01,0,0.09,0,2016-02-22 14:11:35,norpm
1844,28.08,0,0.11,0,2016-02-22 14:11:37,norpm
1845,28.07,0,0.28,0,2016-02-22 14:11:39,norpm
1846,28.06,0,0.35,0,2016-02-22 14:11:41,norpm
1847,28.08,0,0.2,0,2016-02-22 14:11:43,norpm
1848,28.1,0,0.37,0,2016-02-22 14:11:45,norpm
1849,28.06,0,0.26,0,2016-02-22 14:11:47,norpm
1850,28.06,0,0.11,0,2016-02-22 14:11:49,norpm
1851,28.08,0,0.37,0,2016-02-22 14:11:51,norpm
1852,28.06,0,0.26,0,2016-02-22 14:11:53,norpm
1853,28,0,0.2,0,2016-02-22 14:11:55,norpm
1854,28,0,0.37,0,2016-02-22 14:11:57,norpm
1855,27.99,0,0.15,0,2016-02-22 14:11:59,norpm
1856,28,0,0.28,0,2016-02-22 14:12:01,norpm
1857,27.98,0,0.39,0,2016-02-22 14:12:03,norpm
1858,27.94,0,0.17,0,2016-02-22 14:12:05,norpm
1859,27.91,0,0.35,0,2016-02-22 14:12:07,norpm
1860,27.86,0,0.28,0,2016-02-22 14:12:09,norpm
1861,27.99,0,0.15,0,2016-02-22 14:12:11,norpm
1862,27.97,0,0.39,0,2016-02-22 14:12:13,norpm
1863,27.88,0,0.2,0,2016-02-22 14:12:15,norpm
1864,27.9,0,0.37,0,2016-02-22 14:12:17,norpm
1865,27.95,0,0.24,0,2016-02-22 14:12:19,norpm
1866,28.01,0,0.15,0,2016-02-22 14:12:21,norpm
1867,28.01,0,0.42,0,2016-02-22 14:12:23,norpm
1868,27.98,0,0.2,0,2016-02-22 14:12:25,norpm
1869,27.83,0,0.37,0,2016-02-22 14:12:27,norpm
1870,27.82,0,0.15,0,2016-02-22 14:12:29,norpm
1871,27.89,0,0.22,0,2016-02-22 14:12:31,norpm
1872,27.86,0,0.11,0,2016-02-22 14:12:33,norpm
1873,27.85,0,0.24,0,2016-02-22 14:12:35,norpm
1874,27.88,0,0.35,0,2016-02-22 14:12:38,norpm
1875,27.91,0,0.15,0,2016-02-22 14:12:40,norpm
1876,27.89,0,0.37,0,2016-02-22 14:12:42,norpm
1877,27.88,0,0.2,0,2016-02-22 14:12:44,norpm
1878,27.86,0,0.35,0,2016-02-22 14:12:46,norpm
1879,27.91,0,0.28,0,2016-02-22 14:12:48,norpm
1880,27.91,0,0.13,0,2016-02-22 14:12:50,norpm
1881,27.9,0,0.42,0,2016-02-22 14:12:52,norpm
1882,27.91,0,0.33,0,2016-02-22 14:12:54,norpm
1883,27.93,0,0.22,0,2016-02-22 14:12:56,norpm
1884,27.94,0,0.17,0,2016-02-22 14:12:58,norpm
1885,27.93,0,0.37,0,2016-02-22 14:13:00,norpm
1886,27.9,0,0.2,0,2016-02-22 14:13:02,norpm
1887,27.83,0,0.35,0,2016-02-22 14:13:04,norpm
1888,27.87,0,0.26,0,2016-02-22 14:13:06,norpm
1889,27.81,0,0.13,0,2016-02-22 14:13:08,norpm
1890,27.85,0,0.39,0,2016-02-22 14:13:10,norpm
1891,27.8,0,0.17,0,2016-02-22 14:13:12,norpm
1892,27.7,0,0.33,0,2016-02-22 14:13:14,norpm
1893,27.73,0,0.24,0,2016-02-22 14:13:16,norpm
1894,27.75,0,0.22,0,2016-02-22 14:13:18,norpm
1895,27.84,0,0.37,0,2016-02-22 14:13:20,norpm
1896,27.88,0,0.2,0,2016-02-22 14:13:22,norpm
1897,27.85,0,0.37,0,2016-02-22 14:13:24,norpm
1898,27.85,0,0.26,0,2016-02-22 14:13:26,norpm
1899,27.83,0,0.15,0,2016-02-22 14:13:28,norpm
1900,27.8,0,0.39,0,2016-02-22 14:13:30,norpm
1901,27.77,0,0.2,0,2016-02-22 14:13:32,norpm
1902,27.81,0,0.33,0,2016-02-22 14:13:34,norpm
1903,27.83,0,0.26,0,2016-02-22 14:13:36,norpm
1904,27.81,0,0.13,0,2016-02-22 14:13:38,norpm
1905,27.74,0,0.37,0,2016-02-22 14:13:41,norpm
1906,27.75,0,0.22,0,2016-02-22 14:13:43,norpm
1907,27.79,0,0.33,0,2016-02-22 14:13:45,norpm
1908,27.8,0,0.33,0,2016-02-22 14:13:47,norpm
1909,27.8,0,0.11,0,2016-02-22 14:13:49,norpm
1910,27.81,0,0.37,0,2016-02-22 14:13:51,norpm
1911,27.84,0,0.24,0,2016-02-22 14:13:53,norpm
1912,27.77,0,0.26,0,2016-02-22 14:13:55,norpm
1913,27.77,0,0.35,0,2016-02-22 14:13:57,norpm
1914,27.66,0,0.13,0,2016-02-22 14:13:59,norpm
1915,27.72,0,0.28,0,2016-02-22 14:14:01,norpm
1916,27.79,0,0.37,8,2016-02-22 14:14:03,norpm
1917,27.79,0,0.2,13,2016-02-22 14:14:05,norpm
1918,27.77,0,0.39,8,2016-02-22 14:14:07,norpm
1919,27.74,0,0.26,0,2016-02-22 14:14:09,norpm
1920,27.7,0,0.11,7,2016-02-22 14:14:11,norpm
1921,27.54,0,0.37,7,2016-02-22 14:14:13,norpm
1922,27.6,0,0.26,4,2016-02-22 14:14:15,norpm
1923,27.63,0,0.2,0,2016-02-22 14:14:17,norpm
1924,27.65,0,0.42,0,2016-02-22 14:14:19,norpm
1925,27.71,0,0.2,0,2016-02-22 14:14:21,norpm
1926,27.69,0,0.13,0,2016-02-22 14:14:23,norpm
1927,27.65,0,0.37,0,2016-02-22 14:14:25,norpm
1928,27.6,0,0.22,0,2016-02-22 14:14:27,norpm
1929,27.62,0,0.28,0,2016-02-22 14:14:29,norpm
1930,27.61,0,0.5,0,2016-02-22 14:14:31,norpm
1931,27.6,0,0.37,0,2016-02-22 14:14:33,norpm
1932,27.57,0,0.31,0,2016-02-22 14:14:35,norpm
1933,27.59,0,0.2,0,2016-02-22 14:14:37,norpm
1934,27.61,0,0.42,0,2016-02-22 14:14:39,norpm
1935,27.6,0,0.2,0,2016-02-22 14:14:41,norpm
1936,27.59,0,0.17,4,2016-02-22 14:14:43,norpm
1937,27.68,0,0.39,8,2016-02-22 14:14:46,norpm
1938,27.69,0,0.22,13,2016-02-22 14:14:48,norpm
1939,27.72,0,0.28,5,2016-02-22 14:14:50,norpm
1940,27.73,0,0.39,1,2016-02-22 14:14:52,norpm
1941,27.65,0,0.15,0,2016-02-22 14:14:54,norpm
1942,27.68,0,0.31,0,2016-02-22 14:14:56,norpm
1943,27.7,0,0.35,0,2016-02-22 14:14:58,norpm
1944,27.72,0,0.2,0,2016-02-22 14:15:00,norpm
1945,27.69,0,0.35,0,2016-02-22 14:15:02,norpm
1946,27.7,0,0.26,0,2016-02-22 14:15:04,norpm
1947,27.73,0,0.11,0,2016-02-22 14:15:06,norpm
1948,27.63,0,0.28,0,2016-02-22 14:15:08,norpm
1949,27.61,0,0.35,0,2016-02-22 14:15:10,norpm
1950,27.67,0,0.17,0,2016-02-22 14:15:12,norpm
1951,27.68,0,0.2,0,2016-02-22 14:15:14,norpm
1952,27.67,0,0.37,0,2016-02-22 14:15:16,norpm
1953,27.64,0,0.22,0,2016-02-22 14:15:18,norpm
1954,27.61,0,0.28,0,2016-02-22 14:15:20,norpm
1955,27.61,0,0.39,0,2016-02-22 14:15:22,norpm
1956,27.62,0,0.04,0,2016-02-22 14:15:24,norpm
1957,27.59,0,0.37,0,2016-02-22 14:15:26,norpm
1958,27.61,0,0.35,0,2016-02-22 14:15:28,norpm
1959,27.6,0,0.11,0,2016-02-22 14:15:30,norpm
1960,27.57,0,0.35,0,2016-02-22 14:15:32,norpm
1961,27.56,0,0.35,0,2016-02-22 14:15:34,norpm
1962,27.57,0,0.15,0,2016-02-22 14:15:36,norpm
1963,27.52,0,0.37,0,2016-02-22 14:15:38,norpm
1964,27.41,0,0.2,0,2016-02-22 14:15:40,norpm
1965,27.46,0,0.15,4,2016-02-22 14:15:42,norpm
1966,27.5,0,0.39,4,2016-02-22 14:15:44,norpm
1967,27.53,0,0.22,4,2016-02-22 14:15:46,norpm
1968,27.52,0,0.24,0,2016-02-22 14:15:48,norpm
1969,27.48,0,0.35,0,2016-02-22 14:15:51,norpm
1970,27.49,0,0.13,0,2016-02-22 14:15:53,norpm
1971,27.52,0,0.26,0,2016-02-22 14:15:55,norpm
1972,27.53,0,0.35,0,2016-02-22 14:15:57,norpm
1973,27.53,0,0.2,0,2016-02-22 14:15:59,norpm
1974,27.55,0,0.28,0,2016-02-22 14:16:01,norpm
1975,27.48,0,0.39,0,2016-02-22 14:16:03,norpm
1976,27.47,0,0.17,0,2016-02-22 14:16:05,norpm
1977,27.48,0,0.33,0,2016-02-22 14:16:15,norpm
1978,27.47,0,0.2,0,2016-02-22 14:16:17,norpm
1979,27.53,0.63,2.93,22,2016-02-22 14:16:19,load
1980,27.51,0.59,1.73,625,2016-02-22 14:16:21,load
1981,27.5,0.5,0.33,1321,2016-02-22 14:16:23,load
1982,27.55,0.5,1.2,1810,2016-02-22 14:16:25,load
1983,27.58,0.5,4.79,1853,2016-02-22 14:16:27,load
1984,27.55,0.5,4.07,1769,2016-02-22 14:16:29,load
1985,27.55,0.5,1.22,2011,2016-02-22 14:16:31,load
1986,27.56,0.5,3.04,2285,2016-02-22 14:16:33,load
1987,27.53,0.5,3.63,2300,2016-02-22 14:16:35,load
1988,27.5,0.51,0.79,2207,2016-02-22 14:16:37,load
1989,27.56,0.51,0.59,2185,2016-02-22 14:16:40,load
1990,27.56,0.5,4.57,2138,2016-02-22 14:16:42,load
1991,27.6,0.5,5.16,2156,2016-02-22 14:16:44,load
1992,27.6,0.51,6.04,2252,2016-02-22 14:16:46,load
1993,27.54,0.51,1.82,2195,2016-02-22 14:16:48,load
1994,27.58,0.51,1.09,2080,2016-02-22 14:16:50,load
1995,27.74,0.51,1.44,2231,2016-02-22 14:16:52,load
1996,27.78,0.51,2.06,2296,2016-02-22 14:16:54,load
1997,27.75,0.51,3.3,2318,2016-02-22 14:16:56,load
1998,27.71,0.51,1.84,2305,2016-02-22 14:16:58,load
1999,27.78,0.54,1.64,2257,2016-02-22 14:17:00,load
2000,27.81,0.53,1.84,2209,2016-02-22 14:17:02,load
2001,27.87,0.53,1.12,2251,2016-02-22 14:17:04,load
2002,27.83,0.54,1.05,2125,2016-02-22 14:17:06,load
2003,27.83,0.55,1.2,2044,2016-02-22 14:17:08,load
2004,27.85,0.56,3.35,2222,2016-02-22 14:17:10,load
2005,27.86,0.52,4.59,2173,2016-02-22 14:17:12,load
2006,27.9,0.58,3.83,2155,2016-02-22 14:17:14,load
2007,27.91,0.57,1.68,2278,2016-02-22 14:17:17,load
2008,27.97,0.55,0.96,2293,2016-02-22 14:17:19,load
2009,27.95,0.58,1.92,2162,2016-02-22 14:17:21,load
2010,27.94,0.58,5.23,2086,2016-02-22 14:17:23,load
2011,27.96,0.54,0.59,2053,2016-02-22 14:17:25,load
2012,28.14,0.45,1.84,1990,2016-02-22 14:17:27,load
2013,28.24,0.35,1.51,1802,2016-02-22 14:17:29,load
2014,28.07,0.44,1.14,1511,2016-02-22 14:17:31,load
2015,28.05,0.46,1.79,1049,2016-02-22 14:17:33,load
2016,28.13,0.46,3.26,991,2016-02-22 14:17:35,load
2017,28.17,0.46,1.73,1004,2016-02-22 14:17:37,load
2018,28.19,0.46,2.25,1001,2016-02-22 14:17:39,load
2019,28.13,0.46,2.21,1001,2016-02-22 14:17:41,load
2020,28.24,0.46,2.45,1015,2016-02-22 14:17:43,load
2021,28.28,0.46,2.43,1034,2016-02-22 14:17:45,load
2022,28.3,0.49,1.4,1112,2016-02-22 14:17:47,load
2023,28.29,0.57,1.86,1352,2016-02-22 14:17:49,load
2024,28.23,0.59,1.33,1573,2016-02-22 14:17:51,load
2025,28.3,0.59,1.82,1594,2016-02-22 14:17:54,load
2026,28.29,0.57,1.86,1531,2016-02-22 14:17:56,load
2027,28.35,0.62,3,1472,2016-02-22 14:17:58,load
2028,28.38,0.61,1.77,1427,2016-02-22 14:18:00,load
2029,28.42,0.62,1.66,1433,2016-02-22 14:18:02,load
2030,28.51,0.62,2.14,1396,2016-02-22 14:18:04,load
2031,28.5,0.48,2.3,1316,2016-02-22 14:18:06,load
2032,28.48,0.46,1.27,1136,2016-02-22 14:18:08,load
2033,28.52,0.61,1.05,1045,2016-02-22 14:18:10,load
2034,28.52,0.62,2.95,1051,2016-02-22 14:18:12,load
2035,28.5,0.64,2.08,1019,2016-02-22 14:18:14,load
2036,28.6,0.64,1.27,1016,2016-02-22 14:18:16,load
2037,28.59,0.62,1.55,994,2016-02-22 14:18:18,load
2038,28.59,0.62,1.27,1010,2016-02-22 14:18:20,load
2039,28.67,0.64,1.07,1055,2016-02-22 14:18:22,load
2040,28.7,0.59,1.97,1120,2016-02-22 14:18:24,load
2041,28.7,0.57,1.51,1082,2016-02-22 14:18:26,load
2042,28.69,0.56,1.12,1046,2016-02-22 14:18:28,load
2043,28.69,0.56,1.16,1000,2016-02-22 14:18:30,load
2044,28.7,0.56,2.47,1019,2016-02-22 14:18:33,load
2045,28.69,0.53,2.03,1087,2016-02-22 14:18:35,load
2046,28.64,0.45,1.44,1082,2016-02-22 14:18:37,load
2047,28.75,0.03,0.35,890,2016-02-22 14:18:39,load
2048,28.83,0,0.24,526,2016-02-22 14:18:41,load
2049,28.82,0,0.02,123,2016-02-22 14:18:43,load
2050,28.78,0,0.2,12,2016-02-22 14:18:45,load
2051,28.77,0,0.13,0,2016-02-22 14:18:47,load
2052,28.66,0,0.22,0,2016-02-22 14:18:49,load
2053,28.66,0,0,0,2016-02-22 14:18:51,load
2054,28.64,0,0.11,0,2016-02-22 14:18:53,load
2055,28.7,0,0.17,0,2016-02-22 14:18:55,load
2056,28.72,0,0.11,0,2016-02-22 14:18:57,load
2057,28.79,0,0.22,0,2016-02-22 14:18:59,load
2058,28.83,0,0.11,0,2016-02-22 14:19:01,load
2059,28.9,0,0.13,0,2016-02-22 14:19:03,load
2060,28.9,0,0.2,0,2016-02-22 14:19:05,load
2061,28.88,0,0.13,0,2016-02-22 14:19:07,load
2062,28.88,0,0.24,0,2016-02-22 14:19:09,load
2063,28.86,0,0.07,0,2016-02-22 14:19:11,load
2064,28.53,0,0.24,0,2016-02-22 14:19:34,load
2065,28.65,0,0.07,0,2016-02-22 14:19:36,load
2066,28.47,0,0.11,0,2016-02-22 14:19:38,load
2067,28.68,0,0.22,0,2016-02-22 14:19:40,load
2068,28.71,0,0.11,0,2016-02-22 14:19:42,load
2069,28.81,0,0.28,0,2016-02-22 14:19:44,load
2070,28.86,0,0.09,0,2016-02-22 14:19:46,load
2071,28.86,0,0.09,0,2016-02-22 14:19:48,load
2072,28.86,0,0.24,0,2016-02-22 14:19:50,load
2073,28.89,0,0.15,0,2016-02-22 14:19:52,load
2074,28.8,0,0.02,0,2016-02-22 14:19:54,load
2075,28.82,0,0.02,0,2016-02-22 14:19:56,load
2076,28.82,0.06,0,0,2016-02-22 14:19:58,load
2077,28.83,0.66,0.94,0,2016-02-22 14:20:00,load
2078,28.86,0.46,3,4,2016-02-22 14:20:02,load
2079,28.86,0.45,1.64,7,2016-02-22 14:20:04,load
2080,28.86,0.45,1.95,7,2016-02-22 14:20:06,load
2081,28.87,0.58,2.8,0,2016-02-22 14:20:09,load
2082,28.89,0.59,2.32,0,2016-02-22 14:20:11,load
2083,28.94,0.59,1.25,0,2016-02-22 14:20:13,load
2084,28.97,0.59,2.45,2,2016-02-22 14:20:15,load
2085,28.93,0.59,1.95,2,2016-02-22 14:20:17,load
2086,28.98,0.58,3.22,1,2016-02-22 14:20:19,load
2087,28.97,0.49,1.75,0,2016-02-22 14:20:21,load
2088,28.97,0.28,1.31,0,2016-02-22 14:20:23,load
2089,28.95,0,0.09,0,2016-02-22 14:20:25,load
2090,28.91,0,0.09,0,2016-02-22 14:20:27,load
2091,28.82,0,0.2,0,2016-02-22 14:20:29,load
2092,28.88,0.87,2.36,0,2016-02-22 14:20:31,load
2093,28.97,0.51,3.39,0,2016-02-22 14:20:33,load
2094,29,0.48,4.24,0,2016-02-22 14:20:35,load
2095,29.03,0.47,2.84,0,2016-02-22 14:20:37,load
2096,29.09,0.48,3.17,0,2016-02-22 14:20:39,load
2097,29.1,0.47,2.28,0,2016-02-22 14:20:41,load
2098,29.16,0.47,1.2,0,2016-02-22 14:20:43,load
2099,29.27,0.47,2.93,0,2016-02-22 14:20:45,load
2100,29.18,0.47,1.12,0,2016-02-22 14:20:47,load
2101,29.13,0.47,2.25,0,2016-02-22 14:20:49,load
2102,29.16,0.47,1.12,0,2016-02-22 14:20:52,load
2103,29.3,0.48,1.49,228,2016-02-22 14:20:54,load
2104,29.33,0.49,0.96,884,2016-02-22 14:20:56,load
2105,29.25,0.49,1.33,1675,2016-02-22 14:20:58,load
2106,29.21,0.49,5.21,1931,2016-02-22 14:21:00,load
2107,29.18,0.49,0.59,2026,2016-02-22 14:21:02,load
2108,29.26,0.49,2.3,2021,2016-02-22 14:21:04,load
2109,29.26,0.49,5.27,2011,2016-02-22 14:21:06,load
2110,29.31,0.48,0.87,1942,2016-02-22 14:21:08,load
2111,29.44,0.03,0.83,1736,2016-02-22 14:21:10,load
2112,29.35,0,0.35,30,2016-02-22 14:21:16,load
2113,29.45,0,0.35,0,2016-02-22 14:21:18,load
2114,29.4,0,0.9,0,2016-02-22 14:21:20,load
2115,29.37,0,0.55,0,2016-02-22 14:21:22,load
2116,29.42,0.05,0.11,4,2016-02-22 14:21:24,load
2117,29.43,0.59,0.88,169,2016-02-22 14:21:26,load
2118,29.52,0.64,3.26,568,2016-02-22 14:21:28,load
2119,29.55,0.56,1.01,1175,2016-02-22 14:21:30,load
2120,29.52,0.49,1.22,1627,2016-02-22 14:21:32,load
2121,29.4,0.48,4.33,1750,2016-02-22 14:21:35,load
2122,29.48,0.57,3.22,1709,2016-02-22 14:21:37,load
2123,29.58,0.66,4.38,1756,2016-02-22 14:21:39,load
2124,29.49,0.67,2.32,1753,2016-02-22 14:21:41,load
2125,29.64,0.67,2.97,1741,2016-02-22 14:21:43,load
2126,29.69,0.67,2.19,1751,2016-02-22 14:21:45,load
2127,29.67,0.67,4.11,1759,2016-02-22 14:21:47,load
2128,29.7,0.67,3.61,1739,2016-02-22 14:21:49,load
2129,29.78,0.7,5.51,1810,2016-02-22 14:21:51,load
2130,29.78,0.63,2.84,1814,2016-02-22 14:21:53,load
2131,29.83,0.66,2.21,1720,2016-02-22 14:21:55,load
2132,29.85,0.67,4.57,1726,2016-02-22 14:21:57,load
2133,29.84,0.63,2.56,1697,2016-02-22 14:21:59,load
2134,29.82,0.54,3.83,1595,2016-02-22 14:22:01,load
2135,29.82,0.53,2.14,1574,2016-02-22 14:22:03,load
2136,29.81,0.53,0.59,1693,2016-02-22 14:22:05,load
2137,29.84,0.53,1.64,1624,2016-02-22 14:22:07,load
2138,29.91,0.52,3.37,1580,2016-02-22 14:22:09,load
2139,30.06,0.54,3.39,1561,2016-02-22 14:22:11,load
2140,30.12,0.56,3.57,1556,2016-02-22 14:22:13,load
2141,30.12,0.56,3.52,1565,2016-02-22 14:22:16,load
2142,30.1,0.57,2.43,1541,2016-02-22 14:22:18,load
2143,30.13,0.63,3.24,1568,2016-02-22 14:22:20,load
2144,30.16,0.64,3.7,1546,2016-02-22 14:22:22,load
2145,30.19,0.64,2.76,1519,2016-02-22 14:22:24,load
2146,30.21,0.66,1.75,1516,2016-02-22 14:22:26,load
2147,30.25,0.67,1.66,1547,2016-02-22 14:22:28,load
2148,30.26,0.66,2.97,1568,2016-02-22 14:22:30,load
2149,30.3,0.65,2.67,1577,2016-02-22 14:22:32,load
2150,30.31,0.49,1.27,1535,2016-02-22 14:22:34,load
2151,30.33,0.48,0.52,1499,2016-02-22 14:22:36,load
2152,30.32,0.48,1.14,1486,2016-02-22 14:22:38,load
2153,30.31,0.48,1.27,1502,2016-02-22 14:22:40,load
2154,30.29,0.49,1.53,1498,2016-02-22 14:22:42,load
2155,30.34,0.48,2.58,1472,2016-02-22 14:22:44,load
2156,30.49,0.48,1.6,1471,2016-02-22 14:22:46,load
2157,30.57,0.48,2.76,1468,2016-02-22 14:22:48,load
2158,30.49,0.49,1.31,1497,2016-02-22 14:22:50,load
2159,30.52,0.62,2.69,1501,2016-02-22 14:22:52,load
2160,30.62,0.63,1.88,1496,2016-02-22 14:22:55,load
2161,30.56,0.59,2.47,1517,2016-02-22 14:22:57,load
2162,30.59,0.48,1.12,1525,2016-02-22 14:22:59,load
2163,30.51,0.48,1.29,1481,2016-02-22 14:23:01,load
2164,30.42,0.47,2.54,1475,2016-02-22 14:23:03,load
2165,30.68,0.38,1.55,1430,2016-02-22 14:23:05,load
2166,30.78,0.43,1.49,1303,2016-02-22 14:23:07,load
2167,30.81,0.59,1.03,1117,2016-02-22 14:23:09,load
2168,30.83,0.73,1.14,1009,2016-02-22 14:23:11,load
2169,30.83,0.68,1.4,928,2016-02-22 14:23:13,load
2170,30.94,0.77,1.31,914,2016-02-22 14:23:15,load
2171,30.92,0.81,1.05,910,2016-02-22 14:23:17,load
2172,30.89,0.9,1.47,902,2016-02-22 14:23:19,load
2173,30.92,0.89,0.77,890,2016-02-22 14:23:21,load
2174,30.96,0.94,1.62,905,2016-02-22 14:23:23,load
2175,31.12,0.95,0.83,919,2016-02-22 14:23:25,load
2176,31.17,0.87,1.53,919,2016-02-22 14:23:27,load
2177,31.22,0.64,1.92,914,2016-02-22 14:23:29,load
2178,31.25,0.59,1.4,919,2016-02-22 14:23:31,load
2179,31.26,0.55,1.53,926,2016-02-22 14:23:34,load
2180,31.26,0.54,1.14,931,2016-02-22 14:23:36,load
2181,31.27,0.65,1.97,1012,2016-02-22 14:23:38,load
2182,31.29,0.61,2.34,1189,2016-02-22 14:23:40,load
2183,31.31,0.57,0.94,1339,2016-02-22 14:23:42,load
2184,31.31,0.55,2.14,1387,2016-02-22 14:23:44,load
2185,31.23,0.51,2.03,1393,2016-02-22 14:23:46,load
2186,31.32,0.07,0.59,1310,2016-02-22 14:23:48,load
2187,31.33,0,0.09,869,2016-02-22 14:23:50,load
2188,31.34,0,0.13,316,2016-02-22 14:23:52,load
2189,31.45,0,0.35,27,2016-02-22 14:23:54,load
2190,31.42,0,0.15,0,2016-02-22 14:23:56,load
2191,31.44,0,0.35,0,2016-02-22 14:23:58,load
2192,31.38,0,0.17,0,2016-02-22 14:24:00,load
2193,21.26,2.66,65.73,0,2016-03-05 11:59:01,load
2194,21.25,0.02,76.28,0,2016-03-05 11:59:03,load
2195,21.25,0.01,65.71,0,2016-03-05 11:59:05,load
2196,21.37,0.05,54.93,0,2016-03-05 11:59:07,load
2197,21.51,0.02,48.91,0,2016-03-05 11:59:09,load
2198,21.51,0.03,42.87,0,2016-03-05 11:59:11,load
2199,21.53,0.01,36.82,0,2016-03-05 11:59:13,load
2200,21.52,0.01,25.33,0,2016-03-05 11:59:15,load
2201,21.46,0,16.28,0,2016-03-05 11:59:17,load
2202,21.39,0,31.08,0,2016-03-05 11:59:19,load
2203,21.39,0.11,34.58,0,2016-03-05 11:59:21,load
2204,21.39,0.52,81.99,163,2016-03-05 11:59:23,load
2205,21.39,0.47,91.07,595,2016-03-05 11:59:26,load
2206,21.39,0.58,86.14,1049,2016-03-05 11:59:28,load
2207,21.39,0.63,87.76,1159,2016-03-05 11:59:30,load
2208,21.39,0.6,82.16,1138,2016-03-05 11:59:32,load
2209,21.4,0.57,77.44,1138,2016-03-05 11:59:34,load
2210,21.4,0.59,71.42,1180,2016-03-05 11:59:36,load
2211,21.41,0.56,63.9,1228,2016-03-05 11:59:38,load
2212,21.42,0.55,52.26,1279,2016-03-05 11:59:40,load
2213,21.42,0.55,62.19,1285,2016-03-05 11:59:42,load
2214,21.42,0.55,69.87,1286,2016-03-05 11:59:44,load
2215,21.44,0.55,65.93,1285,2016-03-05 11:59:46,load
2216,21.43,0.55,58.3,1288,2016-03-05 11:59:48,load
2217,21.46,0.55,62.15,1288,2016-03-05 11:59:50,load
2218,21.48,0.55,72.8,1289,2016-03-05 11:59:52,load
2219,21.47,0.55,61.43,1288,2016-03-05 11:59:54,load
2220,21.49,0.54,63.07,1283,2016-03-05 11:59:56,load
2221,21.51,0.54,70.59,1295,2016-03-05 11:59:58,load
2222,21.52,0.54,66.04,1295,2016-03-05 12:00:00,load
2223,21.5,0.55,65.49,1288,2016-03-05 12:00:02,load
2224,21.51,0.54,67.66,1292,2016-03-05 12:00:05,load
2225,21.54,0.54,70.7,1304,2016-03-05 12:00:07,load
2226,21.53,0.54,76.5,1303,2016-03-05 12:00:09,load
2227,21.56,0.36,79.41,1297,2016-03-05 12:00:11,load
2228,21.58,0.01,89.84,1172,2016-03-05 12:00:13,load
2229,21.6,0,78.36,685,2016-03-05 12:00:15,load
2230,21.58,0,67.72,149,2016-03-05 12:00:17,load
2231,21.6,0,59.89,0,2016-03-05 12:00:19,load
2232,21.6,0,53.42,0,2016-03-05 12:00:21,load
2233,21.59,0,52.02,0,2016-03-05 12:00:23,load
2234,21.57,0,47.34,0,2016-03-05 12:00:25,load
2235,21.6,0,44.49,0,2016-03-05 12:00:27,load
2236,21.58,0,40.07,0,2016-03-05 12:00:29,load
2237,21.6,0,35.55,0,2016-03-05 12:00:31,load
2238,21.64,0,30.3,0,2016-03-05 12:00:33,load
2239,21.58,0,24.15,0,2016-03-05 12:00:35,load
2240,21.58,0,22.25,0,2016-03-05 12:00:37,load
2241,21.59,0,19.99,0,2016-03-05 12:00:39,load
2242,21.59,0,18.7,0,2016-03-05 12:00:41,load
2243,21.6,0,20.39,0,2016-03-05 12:00:43,load
2244,21.61,0,19.84,0,2016-03-05 12:00:45,load
2245,21.61,0,24.11,0,2016-03-05 12:00:47,load
2246,21.6,0,23.84,0,2016-03-05 12:00:49,load
2247,21.62,0,21.53,0,2016-03-05 12:00:51,load
2248,21.63,0,20.87,0,2016-03-05 12:00:53,load
2249,21.61,0,18.77,0,2016-03-05 12:00:55,load
2250,21.58,0,21.48,0,2016-03-05 12:00:58,load
2251,21.63,0,23.25,0,2016-03-05 12:01:00,load
2252,21.56,0,25.62,0,2016-03-05 12:01:02,load
2253,21.54,0,28.04,0,2016-03-05 12:01:04,load
2254,21.55,0,24.43,0,2016-03-05 12:01:06,load
2255,21.57,0,24.78,0,2016-03-05 12:01:08,load
2256,21.58,0,23.71,0,2016-03-05 12:01:10,load
2257,21.58,0,21.48,0,2016-03-05 12:01:12,load
2258,21.61,0,22.05,0,2016-03-05 12:01:14,load
2259,21.59,0,21.57,0,2016-03-05 12:01:16,load
2260,21.61,0,21.68,0,2016-03-05 12:01:18,load
2261,21.62,0,23.69,0,2016-03-05 12:01:20,load
2262,21.61,0,23.3,0,2016-03-05 12:01:22,load
2263,21.74,0,25,0,2016-03-05 12:01:24,load
2264,21.7,0,23.63,0,2016-03-05 12:01:26,load
2265,21.72,0,22.77,0,2016-03-05 12:01:28,load
2266,21.73,0,25.64,0,2016-03-05 12:01:30,load
2267,21.75,0,24.83,0,2016-03-05 12:01:32,load
2268,21.76,0,22.86,0,2016-03-05 12:01:34,load
2269,21.78,0,25.77,0,2016-03-05 12:01:36,load
2270,21.78,0,23.84,0,2016-03-05 12:01:38,load
2271,21.76,0,25.33,0,2016-03-05 12:01:40,load
2272,21.74,0,24.06,0,2016-03-05 12:01:42,load
2273,21.73,0,22.55,0,2016-03-05 12:01:44,load
2274,21.75,0,23.45,0,2016-03-05 12:01:46,load
2275,21.72,0,24.04,0,2016-03-05 12:01:48,load
2276,21.76,0,22.62,0,2016-03-05 12:01:50,load
2277,21.74,0,25.77,0,2016-03-05 12:01:52,load
2278,21.76,0,26.38,0,2016-03-05 12:01:54,load
2279,21.75,0,22.79,0,2016-03-05 12:01:56,load
2280,21.77,0,23.23,0,2016-03-05 12:01:58,load
2281,21.77,0,22.97,0,2016-03-05 12:02:00,load
2282,21.78,0,23.36,0,2016-03-05 12:02:02,load
2283,21.77,0,25.73,0,2016-03-05 12:02:05,load
2284,21.76,0,24.3,0,2016-03-05 12:02:07,load
2285,21.75,0,24.02,0,2016-03-05 12:02:09,load
2286,21.77,0,24.81,0,2016-03-05 12:02:11,load
2287,21.7,0,22.95,0,2016-03-05 12:02:13,load
2288,21.66,0,23.58,0,2016-03-05 12:02:15,load
2289,21.67,0,24.02,0,2016-03-05 12:02:17,load
2290,21.67,0,21.48,0,2016-03-05 12:02:19,load
2291,21.68,0,21.7,0,2016-03-05 12:02:21,load
2292,21.68,0,20.91,0,2016-03-05 12:02:23,load
2293,21.66,0,20.72,0,2016-03-05 12:02:25,load
2294,21.67,0,24.5,0,2016-03-05 12:02:27,load
2295,21.68,0,25.51,0,2016-03-05 12:02:29,load
2296,21.71,0,23.34,0,2016-03-05 12:02:31,load
2297,21.7,0,23.63,0,2016-03-05 12:02:33,load
2298,21.68,0,23.43,0,2016-03-05 12:02:35,load
2299,21.69,0,22.25,0,2016-03-05 12:02:37,load
2300,21.69,0,24.39,0,2016-03-05 12:02:39,load
2301,21.69,0,25.02,0,2016-03-05 12:02:41,load
2302,21.69,0,23.76,0,2016-03-05 12:02:43,load
2303,21.72,0,24.11,0,2016-03-05 12:02:45,load
2304,21.73,0.01,25.94,0,2016-03-05 12:02:47,load
2305,21.73,0.01,25.57,0,2016-03-05 12:02:49,load
2306,21.74,0,24.11,0,2016-03-05 12:02:51,load
2307,21.73,0,24.11,0,2016-03-05 12:02:53,load
2308,21.77,0,26.69,0,2016-03-05 12:02:55,load
2309,21.79,0,26.62,0,2016-03-05 12:02:57,load
2310,21.74,0,25.29,0,2016-03-05 12:02:59,load
2311,21.77,0,26.07,0,2016-03-05 12:03:01,load
2312,21.77,0,25.88,0,2016-03-05 12:03:03,load
2313,21.76,0,24.65,0,2016-03-05 12:03:05,load
2314,21.73,0,24.7,0,2016-03-05 12:03:07,load
2315,21.73,0,22.97,0,2016-03-05 12:03:10,load
2316,21.77,0,23.47,0,2016-03-05 12:03:12,load
2317,21.77,0,24.89,0,2016-03-05 12:03:14,load
2318,21.77,0,25.81,0,2016-03-05 12:03:16,load
2319,21.81,0,55.87,0,2016-03-05 12:03:18,load
2320,21.93,0,98.24,0,2016-03-05 12:03:20,load
2321,21.87,0,61.45,0,2016-03-05 12:03:22,load
2322,21.73,0,46.59,0,2016-03-05 12:03:24,load
2323,21.74,0,39.35,0,2016-03-05 12:03:26,load
2324,21.74,0,32.72,0,2016-03-05 12:03:28,load
2325,21.73,0,30.98,0,2016-03-05 12:03:30,load
2326,21.75,0,28.07,0,2016-03-05 12:03:32,load
2327,21.77,0,23.78,0,2016-03-05 12:03:34,load
2328,21.75,0,22.18,0,2016-03-05 12:03:36,load
2329,21.76,0,22.18,0,2016-03-05 12:03:38,load
2330,21.83,0,24.83,0,2016-03-05 12:03:40,load
2331,21.77,0.05,32.68,0,2016-03-05 12:03:42,load
2332,21.79,0.03,25,0,2016-03-05 12:03:44,load
2333,21.83,0.08,27.93,0,2016-03-05 12:03:46,load
2334,21.77,0.04,34.12,0,2016-03-05 12:03:49,load
2335,21.77,0.03,28.79,0,2016-03-05 12:03:51,load
2336,21.77,0.03,32.16,0,2016-03-05 12:03:53,load
2337,21.78,0.03,25.18,0,2016-03-05 12:03:55,load
2338,21.77,0.02,25.75,0,2016-03-05 12:03:57,load
2339,21.77,0.03,24.67,0,2016-03-05 12:03:59,load
2340,21.79,0.03,27.04,0,2016-03-05 12:04:01,load
2341,21.78,0.02,25.24,0,2016-03-05 12:04:03,load
2342,21.77,0.03,23.63,0,2016-03-05 12:04:05,load
2343,21.77,0.02,20.93,0,2016-03-05 12:04:08,load
2344,21.79,0.02,22.86,0,2016-03-05 12:04:10,load
2345,21.77,0.02,19.84,0,2016-03-05 12:04:12,load
2346,21.77,0.02,19.97,0,2016-03-05 12:04:14,load
2347,21.77,0.02,21.61,0,2016-03-05 12:04:16,load
2348,21.78,0.03,19.23,0,2016-03-05 12:04:18,load
2349,21.79,0.14,37.03,16,2016-03-05 12:04:20,load
2350,21.79,0.01,107,16,2016-03-05 12:04:22,load
2351,21.78,0,85.07,12,2016-03-05 12:04:24,load
2352,21.78,0,67.75,0,2016-03-05 12:04:26,load
2353,21.77,0,55.89,0,2016-03-05 12:04:28,load
2354,21.77,0,47.62,0,2016-03-05 12:04:30,load
2355,21.77,0,38.19,0,2016-03-05 12:04:32,load
2356,21.77,0,30.23,0,2016-03-05 12:04:35,load
2357,21.78,0,26.71,0,2016-03-05 12:04:37,load
2358,21.77,0,26.73,0,2016-03-05 12:04:39,load
2359,21.8,0,26.67,0,2016-03-05 12:04:41,load
2360,21.79,0,27.23,0,2016-03-05 12:04:43,load
2361,21.81,0,26.77,0,2016-03-05 12:04:45,load
2362,21.79,0,26.91,0,2016-03-05 12:04:47,load
2363,21.77,0,26.47,0,2016-03-05 12:04:49,load
2364,21.77,0,25.81,0,2016-03-05 12:04:51,load
2365,21.77,0,25.35,0,2016-03-05 12:04:53,load
2366,21.81,0,27.28,0,2016-03-05 12:04:55,load
2367,21.8,0,26.53,0,2016-03-05 12:04:57,load
2368,21.8,0,27.41,0,2016-03-05 12:04:59,load
2369,21.81,0,24.87,0,2016-03-05 12:05:01,load
2370,21.82,0,24.98,0,2016-03-05 12:05:03,load
2371,21.81,0,25.05,0,2016-03-05 12:05:05,load
2372,21.81,0,25.48,0,2016-03-05 12:05:07,load
2373,21.78,0,25.44,0,2016-03-05 12:05:09,load
2374,21.8,0,25.24,0,2016-03-05 12:05:11,load
2375,21.81,0,25.59,0,2016-03-05 12:05:13,load
2376,21.81,0,24.83,0,2016-03-05 12:05:15,load
2377,21.81,0,24.35,0,2016-03-05 12:05:17,load
2378,21.82,0,23.97,0,2016-03-05 12:05:19,load
2379,21.87,0,24.7,0,2016-03-05 12:05:21,load
2380,21.85,0,23.54,0,2016-03-05 12:05:23,load
2381,21.8,0,21.96,0,2016-03-05 12:05:25,load
2382,21.81,0,23.3,0,2016-03-05 12:05:27,load
2383,21.83,0,23.25,0,2016-03-05 12:05:29,load
2384,21.79,0,22.66,0,2016-03-05 12:05:31,load
2385,21.81,0,22.14,0,2016-03-05 12:05:33,load
2386,21.83,0,21.68,0,2016-03-05 12:05:35,load
2387,21.82,0,22.16,0,2016-03-05 12:05:38,load
2388,21.82,0,23.56,0,2016-03-05 12:05:40,load
2389,21.81,0,24.39,0,2016-03-05 12:05:42,load
2390,21.83,0,24.68,0,2016-03-05 12:05:44,load
2391,21.83,0,24.65,0,2016-03-05 12:05:46,load
2392,21.82,0,24.06,0,2016-03-05 12:05:48,load
2393,21.85,0,23.36,0,2016-03-05 12:05:50,load
2394,21.82,0,22.38,0,2016-03-05 12:05:52,load
2395,21.82,0,21.85,0,2016-03-05 12:05:54,load
2396,21.82,0,22.55,0,2016-03-05 12:05:56,load
2397,21.85,0,22.66,0,2016-03-05 12:05:58,load
2398,21.85,0,22.22,0,2016-03-05 12:06:00,load
2399,21.83,0,21.96,0,2016-03-05 12:06:02,load
2400,21.84,0,22.79,0,2016-03-05 12:06:04,load
2401,21.8,0,23.58,0,2016-03-05 12:06:06,load
2402,21.83,0,24.17,0,2016-03-05 12:06:08,load
2403,21.84,0,24.61,0,2016-03-05 12:06:10,load
2404,21.83,0,24.08,0,2016-03-05 12:06:12,load
2405,21.85,0,24.5,0,2016-03-05 12:06:14,load
2406,21.8,0,24.5,0,2016-03-05 12:06:16,load
2407,21.84,0,24.57,0,2016-03-05 12:06:18,load
2408,21.83,0,24.68,0,2016-03-05 12:06:20,load
2409,21.84,0,24.11,0,2016-03-05 12:06:22,load
2410,21.85,0,25.51,0,2016-03-05 12:06:24,load
2411,21.84,0,25.86,0,2016-03-05 12:06:26,load
2412,21.79,0,25.07,0,2016-03-05 12:06:28,load
2413,21.81,0,24.7,0,2016-03-05 12:06:30,load
2414,21.83,0,24.94,0,2016-03-05 12:06:32,load
2415,21.85,0,25.75,0,2016-03-05 12:06:34,load
2416,21.85,0,26.03,0,2016-03-05 12:06:36,load
2417,21.85,0,25.64,0,2016-03-05 12:06:38,load
2418,21.87,0,25.86,0,2016-03-05 12:06:40,load
2419,21.86,0,25.86,0,2016-03-05 12:06:42,load
2420,21.86,0,26.25,0,2016-03-05 12:06:44,load
2421,21.89,0,26.78,0,2016-03-05 12:06:47,load
2422,21.88,0,26.91,0,2016-03-05 12:06:49,load
2423,21.88,0,26.84,0,2016-03-05 12:06:51,load
2424,21.86,0,26.69,0,2016-03-05 12:06:53,load
2425,21.82,0,26.21,0,2016-03-05 12:06:55,load
2426,21.84,0,26.38,0,2016-03-05 12:06:57,load
2427,21.85,0,25.48,0,2016-03-05 12:06:59,load
2428,21.86,0,25.66,0,2016-03-05 12:07:01,load
2429,21.83,0,25.55,0,2016-03-05 12:07:03,load
2430,21.85,0,24.24,0,2016-03-05 12:07:05,load
2431,21.85,0,24.26,0,2016-03-05 12:07:07,load
2432,21.84,0,23.84,0,2016-03-05 12:07:09,load
2433,21.79,0,22.95,0,2016-03-05 12:07:11,load
2434,21.85,0,22.47,0,2016-03-05 12:07:13,load
2435,21.84,0,22.23,0,2016-03-05 12:07:15,load
2436,21.85,0,22.47,0,2016-03-05 12:07:17,load
2437,21.85,0,22.49,0,2016-03-05 12:07:19,load
2438,21.85,0,23.32,0,2016-03-05 12:07:21,load
2439,21.87,0,22.99,0,2016-03-05 12:07:23,load
2440,21.86,0,21.79,0,2016-03-05 12:07:25,load
2441,21.87,0,20.5,0,2016-03-05 12:07:27,load
2442,21.86,0,20.3,0,2016-03-05 12:07:29,load
2443,21.86,0,20.96,0,2016-03-05 12:07:31,load
2444,21.86,0,22.29,0,2016-03-05 12:07:33,load
2445,21.86,0,23.23,0,2016-03-05 12:07:35,load
2446,21.86,0,23.23,0,2016-03-05 12:07:37,load
2447,21.85,0,24.33,0,2016-03-05 12:07:39,load
2448,21.85,0,24.54,0,2016-03-05 12:07:41,load
2449,21.85,0,24.57,0,2016-03-05 12:07:43,load
2450,21.85,0,23.69,0,2016-03-05 12:07:45,load
2451,21.85,0,23.91,0,2016-03-05 12:07:47,load
2452,21.86,0,25.05,0,2016-03-05 12:07:49,load
2453,21.86,0,25.46,0,2016-03-05 12:07:51,load
2454,21.85,0,25.4,0,2016-03-05 12:07:54,load
2455,21.84,0,25.51,0,2016-03-05 12:07:56,load
2456,21.83,0,25.44,0,2016-03-05 12:07:58,load
2457,21.83,0,25.42,0,2016-03-05 12:08:00,load
2458,21.82,0,24.76,0,2016-03-05 12:08:02,load
2459,21.84,0,24.15,0,2016-03-05 12:08:04,load
2460,21.85,0,23.41,0,2016-03-05 12:08:06,load
2461,21.83,0,24.19,0,2016-03-05 12:08:08,load
2462,21.83,0,24.26,0,2016-03-05 12:08:10,load
2463,21.83,0,24.5,0,2016-03-05 12:08:12,load
2464,21.81,0,25.51,0,2016-03-05 12:08:14,load
2465,21.82,0,26.56,0,2016-03-05 12:08:16,load
2466,21.83,0,27.04,0,2016-03-05 12:08:18,load
2467,21.83,0,27.3,0,2016-03-05 12:08:20,load
2468,21.83,0,27.93,0,2016-03-05 12:08:22,load
2469,21.83,0,27.39,0,2016-03-05 12:08:24,load
2470,21.83,0,26.38,0,2016-03-05 12:08:26,load
2471,21.82,0,26.34,0,2016-03-05 12:08:28,load
2472,21.83,0,25.22,0,2016-03-05 12:08:30,load
2473,21.83,0,25.88,0,2016-03-05 12:08:32,load
2474,21.83,0,26.1,0,2016-03-05 12:08:34,load
2475,21.83,0,26.43,0,2016-03-05 12:08:36,load
2476,21.83,0,26.99,0,2016-03-05 12:08:38,load
2477,21.83,0,27.19,0,2016-03-05 12:08:40,load
2478,21.85,0,26.71,0,2016-03-05 12:08:42,load
2479,21.86,0,26.99,0,2016-03-05 12:08:44,load
2480,21.86,0,29.16,0,2016-03-05 12:08:46,load
2481,21.86,0,28.02,0,2016-03-05 12:08:48,load
2482,21.86,0,26.05,0,2016-03-05 12:08:50,load
2483,21.86,0,25.4,0,2016-03-05 12:08:52,load
2484,21.87,0,25.18,0,2016-03-05 12:08:54,load
2485,21.87,0,25.35,0,2016-03-05 12:08:56,load
2486,21.95,0,25.4,0,2016-03-05 12:08:58,load
2487,21.95,0,25.16,0,2016-03-05 12:09:01,load
2488,21.94,0,25.24,0,2016-03-05 12:09:03,load
2489,21.97,0,25.24,0,2016-03-05 12:09:05,load
2490,21.97,0,25.59,0,2016-03-05 12:09:07,load
2491,21.96,0,25.81,0,2016-03-05 12:09:09,load
2492,21.95,0,25.62,0,2016-03-05 12:09:11,load
2493,21.95,0,25.83,0,2016-03-05 12:09:13,load
2494,21.98,0,26.23,0,2016-03-05 12:09:15,load
2495,21.96,0,26.08,0,2016-03-05 12:09:17,load
2496,21.98,0,25.88,0,2016-03-05 12:09:19,load
2497,21.89,0,25.97,0,2016-03-05 12:09:21,load
2498,21.89,0,25.92,0,2016-03-05 12:09:23,load
2499,21.86,0,25.99,0,2016-03-05 12:09:25,load
2500,21.86,0,25.7,0,2016-03-05 12:09:27,load
2501,21.88,0,25.31,0,2016-03-05 12:09:29,load
2502,21.86,0,25.29,0,2016-03-05 12:09:31,load
2503,21.85,0,24.52,0,2016-03-05 12:09:33,load
2504,21.85,0,23.98,0,2016-03-05 12:09:35,load
2505,21.87,0,23.78,0,2016-03-05 12:09:37,load
2506,21.9,0,23.25,0,2016-03-05 12:09:39,load
2507,21.91,0,22.71,0,2016-03-05 12:09:41,load
2508,21.89,0,22.12,0,2016-03-05 12:09:43,load
2509,21.88,0,22.07,0,2016-03-05 12:09:45,load
2510,21.89,0,23.34,0,2016-03-05 12:09:47,load
2511,21.91,0,24.06,0,2016-03-05 12:09:49,load
2512,21.89,0,24.3,0,2016-03-05 12:09:51,load
2513,21.9,0,24.59,0,2016-03-05 12:09:53,load
2514,21.89,0,24.89,0,2016-03-05 12:09:55,load
2515,21.88,0,25.2,0,2016-03-05 12:09:57,load
2516,21.87,0,25.66,0,2016-03-05 12:09:59,load
2517,21.88,0,24.54,0,2016-03-05 12:10:01,load
2518,21.88,0,23.25,0,2016-03-05 12:10:03,load
2519,21.88,0,23.03,0,2016-03-05 12:10:05,load
2520,21.86,0,21.66,0,2016-03-05 12:10:07,load
2521,21.88,0,21,0,2016-03-05 12:10:10,load
2522,21.9,0,20.85,0,2016-03-05 12:10:12,load
2523,21.87,0,22.42,0,2016-03-05 12:10:14,load
2524,21.87,0,23.52,0,2016-03-05 12:10:16,load
2525,21.87,0,24.06,0,2016-03-05 12:10:18,load
2526,21.88,0,25.44,0,2016-03-05 12:10:20,load
2527,21.85,0,24.35,0,2016-03-05 12:10:22,load
2528,21.85,0,23.08,0,2016-03-05 12:10:24,load
2529,21.84,0,22.2,0,2016-03-05 12:10:26,load
2530,21.83,0,21.15,0,2016-03-05 12:10:28,load
2531,21.85,0,21.85,0,2016-03-05 12:10:30,load
2532,21.9,0,22.53,0,2016-03-05 12:10:32,load
2533,21.89,0,21.77,0,2016-03-05 12:10:34,load
2534,21.9,0,20.93,0,2016-03-05 12:10:36,load
2535,21.89,0,21.17,0,2016-03-05 12:10:38,load
2536,21.9,0,21.42,0,2016-03-05 12:10:40,load
2537,21.93,0,22.44,0,2016-03-05 12:10:42,load
2538,21.9,0,23.97,0,2016-03-05 12:10:44,load
2539,21.88,0,24.04,0,2016-03-05 12:10:46,load
2540,21.89,0,23.73,0,2016-03-05 12:10:48,load
2541,21.89,0,24.5,0,2016-03-05 12:10:50,load
2542,21.89,0,25.46,0,2016-03-05 12:10:52,load
2543,21.9,0,25.29,0,2016-03-05 12:10:54,load
2544,21.92,0,24.63,0,2016-03-05 12:10:56,load
2545,21.91,0,24.22,0,2016-03-05 12:10:58,load
2546,21.91,0,24.41,0,2016-03-05 12:11:00,load
2547,21.91,0,24.74,0,2016-03-05 12:11:02,load
2548,21.89,0,24.76,0,2016-03-05 12:11:04,load
2549,21.89,0,25.29,0,2016-03-05 12:11:06,load
2550,21.91,0,25.16,0,2016-03-05 12:11:08,load
2551,21.9,0,24.92,0,2016-03-05 12:11:10,load
2552,21.89,0,25.05,0,2016-03-05 12:11:12,load
2553,21.91,0,24.78,0,2016-03-05 12:11:14,load
2554,21.92,0,24.57,0,2016-03-05 12:11:17,load
2555,21.9,0,25.33,0,2016-03-05 12:11:19,load
2556,21.93,0,25.27,0,2016-03-05 12:11:21,load
2557,21.92,0,25.16,0,2016-03-05 12:11:23,load
2558,21.93,0,25.18,0,2016-03-05 12:11:25,load
2559,21.95,0,25.29,0,2016-03-05 12:11:27,load
2560,21.93,0,26.01,0,2016-03-05 12:11:29,load
2561,21.88,0,25.77,0,2016-03-05 12:11:31,load
2562,21.89,0,25.51,0,2016-03-05 12:11:33,load
2563,21.89,0,28.42,0,2016-03-05 12:11:35,load
2564,21.88,0,27.52,0,2016-03-05 12:11:37,load
2565,21.88,0,26.58,0,2016-03-05 12:11:39,load
2566,21.89,0,26.29,0,2016-03-05 12:11:41,load
2567,21.88,0,26.23,0,2016-03-05 12:11:43,load
2568,21.89,0,25.55,0,2016-03-05 12:11:45,load
2569,21.89,0,25.42,0,2016-03-05 12:11:47,load
2570,21.87,0,25.4,0,2016-03-05 12:11:49,load
2571,21.89,0,25.83,0,2016-03-05 12:11:51,load
2572,21.87,0,26.01,0,2016-03-05 12:11:53,load
2573,21.88,0,26.27,0,2016-03-05 12:11:55,load
2574,21.88,0,25.66,0,2016-03-05 12:11:57,load
2575,21.88,0,27.06,0,2016-03-05 12:11:59,load
2576,21.9,0,26.84,0,2016-03-05 12:12:01,load
2577,21.89,0,25.68,0,2016-03-05 12:12:03,load
2578,21.88,0,25.75,0,2016-03-05 12:12:05,load
2579,21.9,0,25.11,0,2016-03-05 12:12:07,load
2580,21.89,0,24.5,0,2016-03-05 12:12:09,load
2581,21.92,0,21.77,0,2016-03-05 12:12:11,load
2582,21.89,0,22.38,0,2016-03-05 12:12:13,load
2583,21.89,0,22.95,0,2016-03-05 12:12:15,load
2584,21.88,0,23.54,0,2016-03-05 12:12:17,load
2585,21.89,0,23.98,0,2016-03-05 12:12:19,load
2586,21.88,0,24.08,0,2016-03-05 12:12:21,load
2587,21.88,0,23.91,0,2016-03-05 12:12:24,load
2588,21.89,0,23.58,0,2016-03-05 12:12:26,load
2589,21.91,0,23.17,0,2016-03-05 12:12:28,load
2590,21.89,0,24.19,0,2016-03-05 12:12:30,load
2591,21.9,0,25.46,0,2016-03-05 12:12:32,load
2592,21.9,0,26.38,0,2016-03-05 12:12:36,load
2593,21.89,0,25.42,0,2016-03-05 12:12:38,load
2594,21.9,0,25.37,0,2016-03-05 12:12:40,load
2595,21.9,0,25.18,0,2016-03-05 12:12:42,load
2596,21.9,0,31.46,0,2016-03-05 12:12:44,load
2597,21.9,0,42.92,0,2016-03-05 12:12:46,load
2598,21.9,0,41.47,0,2016-03-05 12:12:48,load
2599,21.9,0,37.43,0,2016-03-05 12:12:50,load
2600,21.9,0,34.17,0,2016-03-05 12:12:52,load
2601,21.88,0,31.35,0,2016-03-05 12:12:54,load
2602,21.86,0,28.44,0,2016-03-05 12:12:56,load
2603,21.86,0,26.95,0,2016-03-05 12:12:58,load
2604,21.89,0,21.72,0,2016-03-05 12:13:00,load
2605,21.89,0,14.35,0,2016-03-05 12:13:02,load
2606,21.89,0,15.64,0,2016-03-05 12:13:04,load
2607,21.89,0,16.95,0,2016-03-05 12:13:06,load
2608,21.89,0,17.92,0,2016-03-05 12:13:08,load
2609,21.89,0,19.99,0,2016-03-05 12:13:10,load
2610,21.89,0,21.66,0,2016-03-05 12:13:12,load
2611,21.91,0,23.19,0,2016-03-05 12:13:14,load
2612,21.91,0,23.08,0,2016-03-05 12:13:16,load
2613,21.9,0,22.18,0,2016-03-05 12:13:18,load
2614,21.91,0,22.36,0,2016-03-05 12:13:21,load
2615,21.91,0,21.77,0,2016-03-05 12:13:23,load
2616,21.92,0,20.74,0,2016-03-05 12:13:25,load
2617,21.96,0,19.62,0,2016-03-05 12:13:27,load
2618,21.96,0,20.23,0,2016-03-05 12:13:29,load
2619,21.96,0,21.26,0,2016-03-05 12:13:31,load
2620,21.96,0,21.79,0,2016-03-05 12:13:33,load
2621,21.95,0,22.86,0,2016-03-05 12:13:35,load
2622,21.99,0,23.89,0,2016-03-05 12:13:37,load
2623,21.93,0,25.57,0,2016-03-05 12:13:39,load
2624,21.93,0,25.86,0,2016-03-05 12:13:41,load
2625,21.93,0,25.7,0,2016-03-05 12:13:43,load
2626,21.92,0,25.72,0,2016-03-05 12:13:45,load
2627,21.91,0,25.62,0,2016-03-05 12:13:47,load
2628,21.92,0,24.98,0,2016-03-05 12:13:49,load
2629,21.91,0,25.46,0,2016-03-05 12:13:51,load
2630,21.88,0,24.85,0,2016-03-05 12:13:53,load
2631,21.9,0,23.87,0,2016-03-05 12:13:55,load
2632,21.9,0,24.43,0,2016-03-05 12:13:57,load
2633,21.92,0,25.86,0,2016-03-05 12:13:59,load
2634,21.92,0,25.7,0,2016-03-05 12:14:01,load
2635,21.91,0,25.38,0,2016-03-05 12:14:03,load
2636,21.92,0,25.02,0,2016-03-05 12:14:05,load
2637,21.92,0,25.48,0,2016-03-05 12:14:07,load
2638,21.95,0.02,25.29,0,2016-03-05 12:14:09,load
2639,21.96,0.04,26.21,0,2016-03-05 12:14:11,load
2640,21.93,0,23.52,0,2016-03-05 12:14:13,load
2641,21.9,0,22.03,0,2016-03-05 12:14:15,load
2642,21.9,0,22.79,0,2016-03-05 12:14:17,load
2643,21.89,0,22.55,0,2016-03-05 12:14:19,load
2644,21.9,0,22.77,0,2016-03-05 12:14:21,load
2645,21.91,0,23.95,0,2016-03-05 12:14:24,load
2646,21.92,0,23.41,0,2016-03-05 12:14:26,load
2647,21.91,0,22.77,0,2016-03-05 12:14:28,load
2648,21.91,0,23.19,0,2016-03-05 12:14:30,load
2649,21.92,0,22.92,0,2016-03-05 12:14:32,load
2650,21.93,0,22.84,0,2016-03-05 12:14:34,load
2651,21.92,0,23.93,0,2016-03-05 12:14:36,load
2652,21.93,0,23.67,0,2016-03-05 12:14:38,load
2653,21.91,0,23.82,0,2016-03-05 12:14:40,load
2654,21.91,0,23.36,0,2016-03-05 12:14:42,load
2655,21.91,0,23.25,0,2016-03-05 12:14:44,load
2656,21.92,0,24.06,0,2016-03-05 12:14:46,load
2657,21.92,0,24.28,0,2016-03-05 12:14:48,load
2658,21.91,0,24.98,0,2016-03-05 12:14:50,load
2659,21.92,0,24.7,0,2016-03-05 12:14:52,load
2660,21.94,0,24.43,0,2016-03-05 12:14:54,load
2661,21.97,0,26.14,0,2016-03-05 12:14:56,load
2662,21.93,0,26.38,0,2016-03-05 12:14:58,load
2663,21.93,0,25.75,0,2016-03-05 12:15:00,load
2664,21.91,0,24.48,0,2016-03-05 12:15:02,load
2665,21.92,0,23.03,0,2016-03-05 12:15:04,load
2666,21.93,0,22.86,0,2016-03-05 12:15:06,load
2667,21.92,0,22.14,0,2016-03-05 12:15:08,load
2668,21.92,0,21.37,0,2016-03-05 12:15:10,load
2669,21.98,0,20.47,0,2016-03-05 12:15:12,load
2670,22.03,0,20.06,0,2016-03-05 12:15:14,load
2671,22.12,0,20.52,0,2016-03-05 12:15:16,load
2672,22.12,0,21.07,0,2016-03-05 12:15:18,load
2673,22.13,0,22.12,0,2016-03-05 12:15:20,load
2674,22,0,22.82,0,2016-03-05 12:15:22,load
2675,21.99,0,24.85,0,2016-03-05 12:15:25,load
2676,21.99,0,26.77,0,2016-03-05 12:15:27,load
2677,21.97,0,24.35,0,2016-03-05 12:15:29,load
2678,21.92,0,24.08,0,2016-03-05 12:15:31,load
2679,21.97,0,27.28,0,2016-03-05 12:15:33,load
2680,22.02,0,25.72,0,2016-03-05 12:15:35,load
2681,22.04,0,25.31,0,2016-03-05 12:15:37,load
2682,22.02,0,25.59,0,2016-03-05 12:15:39,load
2683,21.97,0,26.07,0,2016-03-05 12:15:41,load
2684,21.92,0,26.6,0,2016-03-05 12:15:43,load
2685,21.91,0,25.44,0,2016-03-05 12:15:45,load
2686,21.92,0,23.69,0,2016-03-05 12:15:47,load
2687,21.92,0,22.2,0,2016-03-05 12:15:49,load
2688,21.92,0,21.11,0,2016-03-05 12:15:51,load
2689,21.92,0,20.96,0,2016-03-05 12:15:53,load
2690,21.92,0,20.98,0,2016-03-05 12:15:55,load
2691,21.9,0,20.52,0,2016-03-05 12:15:57,load
2692,21.91,0,21.35,0,2016-03-05 12:15:59,load
2693,21.88,0,21.74,0,2016-03-05 12:16:01,load
2694,21.89,0,21.85,0,2016-03-05 12:16:03,load
2695,21.94,0,22.95,0,2016-03-05 12:16:05,load
2696,21.92,0,24.06,0,2016-03-05 12:16:07,load
2697,21.92,0,23.65,0,2016-03-05 12:16:09,load
2698,21.9,0,22.97,0,2016-03-05 12:16:11,load
2699,21.91,0,22.9,0,2016-03-05 12:16:13,load
2700,21.91,0,23.08,0,2016-03-05 12:16:15,load
2701,21.89,0,22.53,0,2016-03-05 12:16:17,load
2702,21.89,0,22.42,0,2016-03-05 12:16:19,load
2703,21.89,0,23.14,0,2016-03-05 12:16:21,load
2704,21.92,0,23.89,0,2016-03-05 12:16:23,load
2705,21.9,0,22.12,0,2016-03-05 12:16:25,load
2706,21.95,0,17.76,0,2016-03-05 12:16:27,load
2707,21.93,0,18.68,0,2016-03-05 12:16:29,load
2708,21.91,0,19.8,0,2016-03-05 12:16:32,load
2709,21.89,0,20.23,0,2016-03-05 12:16:34,load
2710,21.89,0,20.45,0,2016-03-05 12:16:36,load
2711,21.89,0,21.79,0,2016-03-05 12:16:38,load
2712,22.08,0,22.14,0,2016-03-05 12:16:40,load
2713,22.12,0,22.53,0,2016-03-05 12:16:42,load
2714,22.14,0,23.87,0,2016-03-05 12:16:44,load
2715,22.15,0,26.32,0,2016-03-05 12:16:46,load
2716,22.14,0,46.94,0,2016-03-05 12:16:48,load
2717,22.14,0,39.97,0,2016-03-05 12:16:50,load
2718,22.14,0,35.11,0,2016-03-05 12:16:52,load
2719,22.13,0,31.78,0,2016-03-05 12:16:54,load
2720,22.15,0,29.27,0,2016-03-05 12:16:56,load
2721,22.13,0,27.58,0,2016-03-05 12:16:58,load
2722,22.12,0,25.48,0,2016-03-05 12:17:00,load
2723,21.96,0,24.89,0,2016-03-05 12:17:02,load
2724,21.91,0,24.22,0,2016-03-05 12:17:04,load
2725,21.91,0,24.46,0,2016-03-05 12:17:06,load
2726,21.9,2.72,34.91,0,2016-03-05 13:15:32,load
2727,21.88,0,32.99,0,2016-03-05 13:15:34,load
2728,21.91,0,32.31,0,2016-03-05 13:15:36,load
2729,22.13,0,32.22,0,2016-03-05 13:15:38,load
2730,22.17,0,31.19,0,2016-03-05 13:15:40,load
2731,21.75,0,29.05,0,2016-03-05 13:15:42,load
2732,21.74,0,29.71,0,2016-03-05 13:15:44,load
